beta,infectious_period,latent_period,ifr,vaccination_rate,isolation_rate,initial_infected,peak_infectious,peak_day,cumulative_deaths,attack_rate
0.46460107040657833,7.914601795875576,4.8025540555160635,0.00882045143427462,0.0026141916270820235,0.002728854863999497,81.4265738145374,161988.54364907535,74.0,7036.008341162103,0.7976925436969685
0.2776344868782433,9.197044595037159,3.8855668273388977,0.006307880391254656,0.003650918389769216,0.05381655693072371,95.06194526920004,3620.062202154507,134.0,441.5619317902044,0.07000163357605721
0.27571025061152277,4.812900030719845,3.89576748524615,0.011683719442438054,0.0012768697429456628,0.05009469292194383,54.531264385619345,54.531264385619345,0.0,15.684124868715505,0.0013423914315972914
0.20218212122121146,9.869553839485603,4.361598589165773,0.004474446895792721,0.0043327426488644,0.040633408950426865,49.03158934727808,122.14561729285033,84.0,9.606845549939427,0.002147046500646304
0.4937368752787271,6.343714159560817,3.355412244313116,0.013951559446089763,0.0016896383470450416,0.039515214950262695,9.66073207627882,99331.09936410822,90.0,10206.05902293123,0.731535357202789
0.5034832177955784,6.207720256557913,4.614907580655208,0.01045051583757539,0.002933844641875885,0.08338077106290935,96.49781620522496,33309.422953609304,99.0,4998.18661162574,0.4782717608689215
0.25224027054950504,6.277716633934493,2.480495859017275,0.015738218520904085,0.0006405330144468929,0.09838014102888404,35.530501500173195,35.530501500173195,0.0,8.841194401550908,0.0005617658942661686
0.2279238922489664,4.710827416748383,2.455952878944335,0.010136434671246631,0.0010276176546918894,0.018937424610568385,35.78954634097431,35.78954634097431,0.0,4.953631295995041,0.0004886956268801964
0.3796464431725739,9.21475992755796,6.277621760209994,0.018389728476572817,1.9418735676767124e-05,0.04961563354294282,60.04848685809193,108247.0185607199,112.0,16168.203608253363,0.8791975166381868
0.4830075730350003,6.87151002267511,4.740383235376944,0.0027007731912132753,0.0006950218694339256,0.030509568824199352,13.550592861566864,125923.4687081329,93.0,2300.7764342162845,0.85189546523257
0.2594805593256104,9.530466555183327,6.415941309895634,0.014832306514363614,0.0026504127428205425,0.06174364428753443,49.788351197593514,631.8742121380677,165.0,261.0835935635864,0.017602359640476375
0.2252175427409998,5.105444005933755,2.5797164691196404,0.014464872875903511,0.0032071306167780816,0.004920647120514855,83.26037902253056,83.26037902253056,0.0,20.570445509679487,0.00142209652902979
0.5442079598045666,5.944206160114085,6.5615795263204975,0.014909873638887136,0.0016090941819831945,0.08369968113397858,57.20429148223521,42407.8330934017,113.0,9374.79199438446,0.628764013796444
0.2649704754205108,8.435662257072796,4.020837518876747,0.006808819264724251,0.0041722448922876946,0.08701950736834767,60.54960451099443,86.0364569703364,63.0,12.943683359301641,0.0019010173212206478
0.41147308883354083,6.07516394097185,5.9208223111188065,0.017848091798585118,0.0015056395402059048,0.05649554984286775,92.73659951928617,29209.776866082673,135.0,8993.21239511029,0.5038752879914705
0.5209399714037521,8.673168532082066,2.1131666514620147,0.013852237821437463,0.002848207727427798,0.09100758507009478,78.71334221342363,114418.82776377586,59.0,9972.408412152712,0.719913167872385
0.5945276323165523,8.494139101844572,5.136499801601108,0.013418133226495443,0.0011855155632668644,0.06420958984952005,41.93051895624185,144993.7452656747,72.0,11750.077754701368,0.8756864726532669
0.395618320490008,5.001378634830557,4.482131267837158,0.01843766442689969,0.002793495216925811,0.09701287557760747,92.06140336531365,299.1711836218516,102.0,210.28692357754872,0.011405290752051529
0.29636942511809183,4.735669089204782,4.274475579660422,0.014284145527829003,0.004694411103462502,0.02705381610448912,82.60975163349009,82.60975163349009,0.0,25.975212742826617,0.0018184645831436405
0.5081216871771583,4.4292726471849715,2.55208796119879,0.018369367029539493,0.0033557865239483447,0.02180387544985868,31.877292452008245,41772.34674922438,86.0,8711.354010574625,0.4742326720657286
0.49504175968879394,7.677957267238675,3.1609899539416393,0.007666821218522952,0.004195287485803786,0.003990115112667932,78.83763876596849,171022.8993714457,61.0,5740.917747842742,0.7488002633963534
0.2847325740860213,9.985714774348757,2.355289066234329,0.019438080907218817,0.0010921740808542816,0.02103215477130567,1.0758367853340405,111562.81582130806,141.0,13582.742490203938,0.6987697270649621
0.3414321468414435,4.987215079505696,2.0417050780724932,0.009959066677357955,0.004512562169486117,0.024086484570183003,83.10216570337272,1384.5217073352335,90.0,281.95357713183967,0.02831124504597034
0.24648551110636208,8.272214231667768,6.512378471456342,0.013213152711462,0.0005434341319776508,0.02391142772943042,14.674079113883852,31223.44424600016,245.0,6804.844834826663,0.5150053889378445
0.560902049959985,9.702491827170649,6.477211213744473,0.004914465227799864,0.001752917790078099,0.07373603702238352,39.151583706748895,112089.06814066021,86.0,3967.4555391354506,0.8073015791611641
0.31309923450772104,6.42324533073377,2.8975862144657665,0.011324374484554893,0.0019156900768939017,0.017048119763576446,3.3306979275216664,18956.507224750283,182.0,3375.0507103512614,0.29803418413568317
0.23025561505993214,9.034233412646,3.1369810980074537,0.0030852654401679253,0.0035814582184208526,0.06845485814009372,30.03657407912813,56.92684391070333,72.0,3.6582226228975725,0.0011857075813543154
0.3779253827128745,6.44572507724378,3.9866362459488496,0.006343885323310903,0.0022401244366217184,0.04204214131855016,70.09438984025394,32830.99474309467,119.0,2842.957536495333,0.4481413820720805
0.5496039919972624,7.092795891034767,2.137425599955258,0.01286511096834012,0.0022505564467282784,0.08642109071805294,39.376220246751934,107412.09813027026,63.0,9374.450665032497,0.7286723517661188
0.44203031329928527,6.860461452362388,6.913094302600889,0.008915407286417787,0.00164522778849307,0.012004747351730329,4.743818978682775,81842.43821499882,134.0,6265.54979859472,0.7027777416450749
0.40800702209663653,6.058699781684166,6.795053217392878,0.011716657867421754,0.0016276085879623758,0.08274738776056186,65.18141557066154,8633.61956238869,184.0,3111.8161378297723,0.265589059016786
0.34456804011973624,5.6128779665776545,6.652993277249219,0.010558560360918246,0.0002996193468323884,0.02149734347200853,84.80461947883789,38165.057524237665,162.0,6755.602804718819,0.6398223407166241
0.515681187231189,9.243191753915031,6.0959131667838475,0.007340892155894924,0.00032157996610641097,0.04163038466362696,73.74584656532643,171208.24897816178,76.0,6908.525705425813,0.9411016479622413
0.4801053357108341,8.24166071570486,5.682475348611953,0.010622313263176138,0.0011399409977001587,0.0679351307817202,41.41668552728528,89668.31119739368,98.0,8274.57168828894,0.7789801979361688
0.3784047035662061,7.4695263893320485,5.581336309680201,0.0047272232471323936,0.00034660542261124737,0.011025902754151926,26.273051476639374,125596.12308309885,110.0,4091.955557844986,0.8656150437420593
0.2853892012875377,5.266936519687592,3.2543622260191967,0.01110237130048855,0.00018298835780942047,0.029195272947313156,76.41841383930692,13441.137624811508,210.0,4062.859412021576,0.36594519430136424
0.278091829169101,8.694902530642782,6.548825231008921,0.015302194182970337,0.004089523030541001,0.051626609387471115,37.8507467648052,329.755986555187,127.0,115.49441225462833,0.007547571993509319
0.31404473522306636,8.339311523127117,2.239392921361533,0.011858865781927859,0.0040040360449310666,0.042965278136240695,17.638304467682545,10088.921953731468,133.0,1751.5046701231877,0.14769580011541797
0.49284402998732796,9.980822507365232,3.241546732928291,0.0037265770868020283,0.0012553792708916015,0.06004417720121591,26.51873343707978,170492.97287238706,70.0,3198.5157554031916,0.858298562166068
0.4250073765110375,6.317278593251599,5.5940867361464255,0.010478602414103888,0.0045537920520344576,0.05943763971036336,77.13471295188518,5759.52835143407,125.0,1305.8229856272114,0.12461804866931618
0.5278350238695267,8.634637967318808,6.162268876190789,0.004751940435431369,0.004810227546544868,0.09678686303852123,94.63468901067488,30144.079230462834,100.0,1931.2213589263094,0.4064068952815061
0.4621263143395336,6.849275477181433,5.355611204510648,0.008558696937360727,0.001145260272680499,0.09344800800595554,49.59976199547945,40672.156427942646,122.0,5174.743837564206,0.6046181884271701
0.20667961446425387,6.248892533492526,2.122315510073237,0.002686652727007144,0.004526362514525434,0.014080808637501628,56.878944748917576,64.37595088304911,39.0,2.6615997822157382,0.000990675034201642
0.43515559765830447,9.592430310570908,3.6199951426912476,0.006700784756062191,0.00494113303978081,0.04764470536012779,98.35230952957956,82516.39724000405,78.0,3785.476126810478,0.5649302678146403
0.20074571118383203,6.763993021400651,4.967916105636803,0.004957064806329037,0.0010574053404888407,0.09898302382625945,43.68911021580713,43.68911021580713,0.0,1.0102981573295429,0.0002038097537154691
0.5538864174764808,8.411950228755806,6.055709711555602,0.00357658982539167,0.0016001188048610426,0.04627076708723476,89.85542141216295,136605.82499156566,74.0,3038.939344399264,0.8496751075073233
0.2639920749308513,4.963013730549111,6.607558718106289,0.012449888107059633,0.0038937831541311294,0.009100111258497199,87.41902500191252,87.41902500191252,0.0,22.688060843294704,0.00182235058244657
0.5167480851169786,5.716567453302783,2.878379972301257,0.011803423538477884,0.0034935709114388676,0.017183605462073648,55.22078986171301,101051.27667345907,68.0,7965.538937207618,0.6748498781934597
0.28005574907858244,4.478006390198022,5.6698983780356915,0.01671277419046122,0.0035495581220207706,0.024411812669156176,76.15121626132694,76.15121626132694,0.0,17.63357059105889,0.0010550953653836353
0.48460236013245395,6.960121102565747,6.066644706779046,0.012984800148934082,0.0036008183631985368,0.04710135159949212,56.3148941730329,45072.13064939182,106.0,6640.006715765662,0.511367648296901
0.3286961166989246,4.948277369571653,2.6067587964072887,0.013246190025674683,0.0035774200534997897,0.03170046584786043,53.85671239256174,415.94741651235495,95.0,138.29335709327546,0.010440236537844112
0.5047100158350186,4.671339603386167,2.9942764176713617,0.011879041537788569,0.0025803001660469026,0.08670265140807037,71.28239161356215,16507.310708483223,104.0,3888.599318180972,0.3273495850495089
0.5715118087402122,7.695216862694755,4.713289587258023,0.01793520482953595,0.00039292991162778604,0.09791367052723048,16.752365816291984,104023.1964718006,88.0,15394.40370044433,0.8583344236522249
0.48618823802907213,4.254071935761396,2.469756378929999,0.014996415125835147,0.0023215710443791277,0.0301186909893312,10.722300852144496,29927.176777600835,109.0,6383.375460186033,0.42566009320381143
0.3374739452925358,7.797823378067341,3.6621180607044304,0.004990085227786423,0.00045553256027507663,0.01650248133745542,83.893183523996,122372.19996657256,95.0,4091.15343598819,0.8198564251382547
0.37313431972684846,5.42031586195003,6.813140126854857,0.009835191791625493,0.002684897657017158,0.05681820734351152,95.71783352298468,1194.4459100599681,153.0,425.6099428885412,0.043274188435343135
0.5829367805649832,5.025635391887567,5.548256932554397,0.015645902518017278,0.0016224254611704146,0.09031722163928486,21.6436839168741,33819.28060394859,120.0,8906.78405466273,0.5692726286902274
0.5847536299214287,5.748801210587034,5.5028082026648555,0.016128103951929117,0.0009046588794335879,0.013131724726543831,28.133042126519488,134234.38649995858,79.0,14185.672350069888,0.879562308895776
0.5467907419292959,6.493500539093989,5.5910086546477595,0.007332462812356594,0.0042702499939344905,0.08905984359441915,30.447262481796194,18337.44696825111,117.0,2323.1877564177908,0.31683594119328967
0.24548964188185157,8.864275934587557,4.691880306363085,0.0071550395764168745,0.0003260714660718262,0.09885381185902145,11.544544716850288,203.54545348977408,427.0,119.3143695606494,0.0167445349170428
0.5132585872867921,6.238247295565439,2.983849900862767,0.016664323791877086,0.0026403882759380905,0.0974128496281932,74.3860072554821,45087.0008683951,83.0,8903.322469774968,0.5342744524752221
0.39510427890383026,7.414370738265388,6.770021959331972,0.0036255971747007312,0.0009869915103325956,0.07419928852230415,43.38954752776879,34267.67716604798,156.0,2071.725281894489,0.5714162887015976
0.34904687436260823,7.6306528742118385,4.297915246015849,0.01770762073185314,0.004544835379475433,0.05998593487411479,52.315122367166545,2793.7510526788765,125.0,1004.191317985155,0.05670955647806363
0.4411737570995521,9.97606700568059,4.814450875511534,0.015775197628693713,0.00166908613428066,0.05401161767434261,45.350881494822126,120475.07430168854,89.0,12361.373206604545,0.7835954577279133
0.3849954328954023,4.231356417489184,6.907753562030718,0.008656045940469414,0.0031070536170982144,0.04221733418560551,84.45853441480352,177.94721138113601,105.0,60.651038170326956,0.007006783303536618
0.5767291545408562,6.6873317332626705,3.1826088739787837,0.015972528956302894,0.0001510944703259235,0.006292354127530557,21.168712513609957,241730.0924945082,59.0,15415.796843350245,0.9651443979550295
0.422317633645119,7.255601128407815,6.8101473795065095,0.01052228082760865,0.004359131438132379,0.09964925604299268,96.757207247787,1774.5413620045656,125.0,524.5038716048559,0.04984697521364846
0.4706535249521592,4.8002330686728225,5.482981141973644,0.018514669986671915,0.003839776091381439,0.07573413446176336,37.87801164129723,900.833423943681,128.0,551.5654430217324,0.029790725053094963
0.4449689901881232,9.082921278068293,4.316482879049953,0.012732817878929232,0.0011925926469375937,0.02786693027821296,87.87188005534215,173357.33044041452,73.0,11098.487712442566,0.8716442674334313
0.4567823161739491,6.696979697163016,3.8371682561909246,0.010348504352901371,0.003308832594874027,0.006862160317119461,6.673263720994206,90671.96422455236,99.0,6392.707457081035,0.6177421624496615
0.31751613958051417,7.065891352525746,3.3789315436305127,0.005587233883401238,0.0012736519735117675,0.09575110062715249,48.026158583806044,1835.997291812836,194.0,401.6858447038314,0.07189350814501072
0.5459212247408032,9.536860971274312,3.3697150566814464,0.010189381379841626,0.0013652299209432953,0.06904208593193373,12.573493223592882,164426.70088986837,71.0,8702.467395073561,0.8540722022919128
0.35159690383901043,4.337229219447976,4.071065668613045,0.018817079984291267,0.004963989820361359,0.009901851551810472,68.44504542292076,245.3524050312341,78.0,110.70660527200408,0.0058833041770786545
0.30556794057100733,7.342484464076018,2.831313931828889,0.017308823088742722,0.0026237367671488325,0.032764692575476616,97.87908682261957,24954.334086266863,122.0,5836.471575403393,0.3371963272996477
0.4731155478028159,9.875621540453277,2.6528982909154455,0.008768887881091534,0.004948352412874397,0.02878516523564842,36.00415126429942,156808.56007235186,66.0,6031.259675439788,0.6878021200892611
0.4473268960525819,8.80336042935927,6.042892032552819,0.01511185556378101,0.0026323905957270776,0.021728719998013117,26.710639122890225,114161.49706863523,99.0,10889.19217387151,0.720572806424243
0.39671658937601517,9.411586436012538,6.227389113128687,0.009898331041227677,0.0007659185558908887,0.08529020715284344,17.455160660911897,55486.22515320929,146.0,6757.773816430897,0.6827185096440997
0.2895642692408969,4.537614212077763,6.646508095436466,0.012873353977515918,0.0021974997568659227,0.06770936192385238,20.947724656693925,20.947724656693925,0.0,2.5583369750560654,0.00019873119153907828
0.5258910279544136,8.227346173260882,6.26346774298406,0.004040456227796457,0.0018400787951644204,0.08013736959952877,41.049104241570376,73791.91131548933,99.0,2894.6062147027733,0.7164057847698561
0.49551577560001775,5.755721133524851,2.0143403084660805,0.00611283740660892,0.00020192592941153118,0.0018810000455374506,40.041863745196494,198306.59237297374,57.0,5595.523948241939,0.9153726127562823
0.5471909538595532,5.920966880215467,4.929980143391678,0.018419430934059962,0.004820974077735013,0.018023806101871123,3.7918798517966716,43046.967729673874,113.0,7927.922793995234,0.4304108428960992
0.3855963676540061,4.177149567614078,4.3960524067886,0.014795038704433753,0.002602934082731214,0.032523616462587134,42.36830618440068,437.61779911818616,132.0,238.6756037585024,0.01613213784205757
0.25400693421918585,4.714419059706752,6.825288631316784,0.018129858902003124,0.00015659248903466695,0.09121233954192104,85.64518494000522,85.64518494000522,0.0,9.163824592016633,0.0005054548315947375
0.2994454028886948,9.171025634335656,3.5353801008930112,0.00526475520389859,0.002177790888496407,0.07664437059472234,62.140896281092715,8288.640737472111,160.0,939.9901501947792,0.17854394246074534
0.3551351016436903,9.057171592946991,2.056945351421775,0.0056356033714576054,0.002009102492284733,0.04748472552729791,58.991753166567705,96814.14419006255,84.0,3737.0060250471543,0.6631066416018215
0.3062286258903088,9.41690004307959,6.5060945476745085,0.017868395208770593,0.0015580719496391593,0.07837184969061048,42.51761314279824,8583.843652600675,216.0,4062.72633283981,0.22736940198386035
0.2548678933519961,9.816519836167302,3.297419196420611,0.009371780346648772,0.001203859474026022,0.057245046680757986,93.61871249939115,23268.54544157627,162.0,3516.4718729374745,0.3752191945252881
0.2182003186174081,8.363551190041877,6.676386447705047,0.01652443297398491,0.0020655467610695482,0.08237619883029967,92.5584222883102,92.5584222883102,0.0,20.979880875406014,0.0012696278842629894
0.22014861749125658,7.578461458196057,6.047012385203923,0.019543708946349436,0.0003367245242055711,0.009773114829830018,96.15404670490179,28910.794573962226,224.0,10018.509656228878,0.5126206996220299
0.34354937953303977,7.0431957935691365,4.365502270172714,0.011735183855416583,0.0018502921210661516,0.09569940063401691,53.335250171674986,1943.1782264272692,176.0,813.1194444262134,0.06928902473487078
0.42483572900927746,7.552037459835886,2.8060710799775532,0.017427781786356233,0.001969571222208043,0.01997467593988155,58.19129238618846,143771.72760999473,72.0,13616.568156639503,0.781313900045476
0.3889584560764888,5.125188003436619,3.929683005067505,0.018883461927302482,0.0049697614773026285,0.06821890691171627,18.60344459312453,83.1831241246583,80.0,40.3171750486629,0.0021350521002915642
0.34619927476848916,6.584658271244832,6.969317141143041,0.0051898621796605815,0.004291273950711475,0.022097467534443763,79.98373949964025,4253.673941789335,145.0,465.3858902741649,0.08967210961748533
0.3729584848055444,7.0506859740123,3.527033170261408,0.0022979176276266,0.0037341097128611262,0.06747056402586109,22.581061741881925,3861.774547298123,138.0,191.97781824172426,0.08354425586612872
0.5050806738682805,9.779673210523775,2.8424449504335727,0.013280128444058225,0.002833686494732788,0.06347253334622434,69.98065272622465,149296.79428759366,62.0,10302.905482110215,0.7758136922779495
0.5115150119566365,8.790211574165328,4.06231493597482,0.006741089995835998,0.002986707025283423,0.09260001779837754,27.492848092580406,65883.64361819674,91.0,4076.2636771053517,0.6046891051185009
0.3561001970277096,9.442255172596303,4.077026681852487,0.004051082829569573,0.0014913906230850501,0.08182885117991207,66.59552770292063,43183.74736904114,123.0,2184.195216204962,0.5391633072180443
0.5368537131024566,6.898251584041858,4.328636701157418,0.0030311981398839357,0.0019589347234990006,0.00357000373749782,56.329529249667246,177163.49258144622,66.0,2582.9293714255755,0.8521149895943375
0.5958979218956799,8.117860053013558,3.1480259870214855,0.004871516568734436,0.003917885353417155,0.03556181193965192,35.41875962834534,172296.3116812694,58.0,3770.9443448449897,0.7740801640801231
0.31150724352248715,9.365314796929447,2.37382702735616,0.019016704437493856,0.0009083196003171455,0.05308114000003418,90.81726633111971,81569.43313813323,99.0,12830.929333074351,0.6747188702042688
0.2537009961248048,5.680941534780479,2.9235270797994364,0.00811972211200615,0.002039389178262427,0.09274670860387418,3.455235577233407,3.455235577233407,0.0,0.2269729794326434,2.7953294004610284e-05
0.34654019194979624,6.354468212771362,6.541417435472192,0.015320585000386834,0.0018891756120186342,0.020778207329678382,50.56609393297899,24199.62616131505,164.0,6298.058533248952,0.41108472901589155
0.5405619570979867,7.289543474863028,5.3291199608905995,0.012226608555492352,0.003185249531155163,0.08883476955648067,88.78668104609517,49229.76411574931,91.0,6981.120704847311,0.5709776896154333
0.5834907432841842,6.4121529834245194,2.125231343636551,0.012072345362135006,0.003349922093574126,0.03527978002426935,58.53251915199833,156883.2652706124,52.0,9386.160625178025,0.7774927194029574
0.3854699961568605,5.141980988085195,5.567433027171058,0.007805031398052932,0.0035240246922886294,0.02244275486962556,67.10502864347733,3903.0656299551165,143.0,769.0599674066451,0.09853387234271672
0.4654218481109689,4.588045656519133,3.003825075490881,0.017069960152475985,0.00017549022759356323,0.012790391054913112,25.196235339313002,88373.2503034286,90.0,13407.129202725837,0.7854224077249015
0.28835592529121856,8.723472059343313,3.278710020997741,0.009154687838716424,0.003905520255677516,0.06913472761303828,91.47673058263989,1402.6542666785108,112.0,267.88182684056324,0.029261710673263424
0.2390253694212029,7.4803091755424935,3.044023089458653,0.01150343360452685,0.0015125135645695426,0.015393090068173155,62.34586249492482,16077.22164252108,177.0,3198.3629879068963,0.2780355064289954
0.3670402848932066,7.332551042651009,3.0286253440246425,0.015192961587388124,0.001385152426997661,0.052472342975461245,64.14445563673726,60078.174240043656,103.0,9228.001012213252,0.6073865822101137
0.582460518391831,6.201046752626843,4.915942915754648,0.012410860328574703,0.0002798108713547805,0.09366307402660798,40.18944410328234,83537.54905409209,87.0,10348.925825940918,0.8338604699396726
0.23135554270267963,9.203546479939229,2.7439540931766624,0.010652750025321253,0.0030087362635021556,0.05953104545864607,90.62427346471108,490.0038158993341,106.0,114.62910533407937,0.010760517712478917
0.279515324192609,5.466047460009284,4.79337510701728,0.016817867063910356,0.0014739554953213405,0.03179060126715549,49.74760733213729,335.86069860104254,175.0,235.31158941084433,0.013991761768692858
0.4842127657344095,6.486469619312493,6.322118630294912,0.0029430385764219053,0.0003428811566180204,0.0262767404395296,6.012601710173922,109888.8160383051,115.0,2565.668661162921,0.8717754098494412
0.321312834819497,9.774123722753746,3.4143583004310654,0.01733010525768787,0.0020265404493369638,0.019708998163480092,95.43935589074088,120679.25273231398,92.0,12457.501177382435,0.7188358634957583
0.42612066019088823,6.934190204599403,5.37660781198718,0.015539270904262457,0.0027622304018808086,0.07908825974525611,87.13067140098974,18480.805619666033,129.0,5345.512467736022,0.3440002108638017
0.3104202407361636,8.570476418921142,3.610457270863758,0.006676753760921458,0.0005680679553698838,0.022209974855031525,47.14765012848006,109949.84524286672,109.0,5206.9302570574555,0.779859561023989
0.5922571865659256,9.749746405019232,5.080815345745677,0.01138586610006432,0.0019481575076871617,0.02788804924481052,91.17954019042723,220762.4181808469,59.0,10161.712147766948,0.8924847752872802
0.2550682244536746,5.899095844657873,6.1905411396566725,0.006559622193819328,0.004578678387172432,0.044538631968365064,28.001955609201087,28.001955609201087,0.0,2.494401478788649,0.0003802660282994588
0.5010198068484014,9.625336141863816,2.5449100486041836,0.01354080461504771,0.0006108286018565199,0.09073678375136253,92.10642598265323,150226.36437644114,60.0,11702.971297918464,0.864274437939464
0.3801375290810839,9.603982655206458,2.8722952975743317,0.008680900644598488,0.00023921628383804757,0.08805765577025666,52.472236438655685,90307.73946820424,95.0,6635.601103922575,0.764390859380635
0.39762648775914217,8.184224928929437,6.780066398508696,0.007780517757060051,0.0020454870544520773,0.045347549123997154,91.31896804242277,56486.68636857825,119.0,4787.553228066471,0.6153257890481937
0.4607579977267663,9.295852895834926,2.319485053201423,0.005424154509890975,0.0008447149493760123,0.02649326503973483,25.93992030469087,240783.51844569974,62.0,4956.505609162083,0.9137840008288639
0.21914095085091492,4.519624888363769,6.861315922008439,0.019502937502839733,0.003081607724110198,0.01121869955891254,92.88485638920062,92.88485638920062,0.0,10.874568275926693,0.0005575861725621234
0.3811113807450921,6.821405676463713,6.23601861469204,0.01741225454712626,0.002480273617779075,0.0862417010734077,79.43576751406795,3613.0074091439647,166.0,1991.354323300711,0.11436510521432557
0.4429905846209756,4.483186991802004,3.8143688154933155,0.007074769154788992,0.0022139829129628787,0.09214977538705105,68.29504067307349,1391.4628774482344,139.0,393.9036170501882,0.055677239558205235
0.5320883910586981,5.147970847182389,5.175060461220376,0.01325405679817351,0.003752461245446167,0.07228936841694411,27.184929808971248,10830.163276869549,129.0,3148.158223919564,0.23752412350861532
0.33124495409609306,8.092171813524116,5.753122759644797,0.0067613993986988825,0.0004663007903557572,0.03325578243198734,25.354032516381633,75859.0685313655,143.0,5047.91212923591,0.7465780131561689
0.324710139470955,7.372606687924316,6.848538810228373,0.008892130848731378,0.004368600788356658,0.08392957365836445,71.67162094495974,167.7280089002568,92.0,40.89362831788242,0.004598855888824067
0.4597561310672302,5.3174894919331255,4.371434612716407,0.006847262965921349,0.002573285578468407,0.016917624480951476,27.712064195207727,48922.8545968705,108.0,3727.335889231732,0.5443541321229504
0.5181003527064458,7.077999993485491,4.628505859006642,0.008260774158207846,0.004621606139504284,0.08423712335779102,51.89953219181554,27323.679690081648,100.0,3079.9795699867595,0.3728439382314443
0.5307538898372945,6.646867727595433,2.9794037708037693,0.013653444515143411,0.001402693639536544,0.009138710059276219,30.529892953951528,193929.4942089172,62.0,11964.812769687604,0.8763219242160534
0.4644996866237952,5.281788580364496,6.7936937222344875,0.01375861037234656,0.0010192081200020553,0.07924548108977901,77.06356243502908,21458.820956317973,153.0,6893.135837941423,0.5010052360953507
0.4124326445260692,9.016649795101126,2.725105482906775,0.0023890385193069447,0.0032996194339682972,0.04861794377753403,29.441980406509664,90226.27493916311,85.0,1464.0651680666592,0.6128261039890558
0.36548574670329415,9.70951026532517,6.761701311486414,0.005814433943706953,0.004991574916815756,0.054442301608684865,57.439438547628995,9599.698902751777,139.0,908.0467168692822,0.15617112958211066
0.2531948805598831,7.2754914229574545,6.132371560693448,0.0055461278938709994,0.0021654574885563416,0.09298907831123027,16.384388322804348,16.384388322804348,0.0,1.4682445854303423,0.0002647332722083264
0.58831702148213,8.162204681038954,3.82404610949497,0.008462018258529278,0.001835835156384996,0.052687183590541344,52.17857828193234,165330.04151686424,62.0,7230.9586817182435,0.8545193901501947
0.535324657161772,6.504657883817622,6.401633781843073,0.018582851607518984,0.0040328966370743865,0.0746993587885133,87.30058895877424,27911.82476600891,106.0,7839.431127705055,0.4218637318576579
0.3580242855904963,9.06394551481717,2.422999711799535,0.0033290326346386394,0.003271290128195862,0.028747371537633126,41.22376303765908,95448.42827023061,87.0,2019.5435728505886,0.6066457720591885
0.26605837915616504,5.6072431212449105,4.737325349073622,0.003180360551051616,0.004086698770953594,0.03877543424737426,3.067544245998174,3.067544245998174,0.0,0.20373803478194646,6.406130107310599e-05
0.4364353929414704,8.986410978949,2.522017250244377,0.004184018427824446,0.0019904265365527367,0.04843894637692551,86.04302544506726,144940.6260844241,66.0,3282.37075370665,0.7845019830405886
0.20432673362582968,9.687538132606775,2.2480969965253292,0.005665512120563033,0.004063241106237343,0.08312385812962642,11.872137736939107,11.872137736939107,0.0,0.812663374941333,0.00014344040885408426
0.5361966093062083,7.249646911543435,5.172942640800896,0.009595183057036875,0.0030688301322946143,0.0767609041784112,99.42904306608273,61091.739430869515,86.0,5958.8191782963495,0.6210219380782207
0.39726604524352127,5.3225047130400105,3.3362740511295144,0.01658973663304282,0.0027008842845943136,0.07776915586043372,69.07765993976794,2579.2636377869635,131.0,1277.9917475378925,0.0770350835463197
0.5700526601055843,7.81676174413307,3.678654260615004,0.01488332774167974,0.0020555969427770177,0.01594000084202396,46.90714814795107,212191.90072955118,59.0,12992.775741406007,0.8729751818217795
0.4212654757731339,9.611788893271648,3.948488746644992,0.00965981947706777,0.0004853511986616917,0.09500318576424534,33.22306139304363,85061.24200808101,102.0,7425.227967650667,0.7686715041909455
0.21632588781365036,4.128116067138825,3.7359979169925985,0.014859405391536743,0.003611995021600333,0.059874359977760555,8.476272148640007,8.476272148640007,0.0,0.38933697928860833,2.620138350289288e-05
0.2930789020373287,9.391777606439378,4.709544276162517,0.0021076415111166754,0.004688280612509484,0.06319197970314581,97.67157235859608,1507.335042428415,114.0,61.93344619082103,0.02938518996905093
0.29809095390838336,8.54903561398495,4.902090505960087,0.01925933941093809,0.0026769500989690864,0.07223458063746989,23.059092271193386,736.9346893106376,167.0,402.3105958681591,0.02088911708153767
0.31253927924919983,7.572511213684463,6.118935990460128,0.014779268458883693,0.002775277610016778,0.0745190914539391,34.67348700418211,344.89198806266455,149.0,162.8737666898019,0.011020421419566299
0.5864820080871107,9.210834352273299,6.195023884384233,0.012955609790573796,0.004319243521751479,0.09375613164580421,22.814187992569597,50677.81036976223,100.0,6835.240662663174,0.5275892662062391
0.29539729235155765,8.450083738612722,3.644966048342665,0.01746999773696252,0.001967460703845019,0.006989318295812598,44.92229481128598,83414.06085924593,117.0,10891.537558382914,0.6234424138097583
0.23971215696917017,8.799673225934981,3.2202475158102146,0.016731070294343633,0.004723879349534188,0.03440393076853054,66.88001806954011,689.4499725603455,102.0,193.20596527861335,0.011547734955362165
0.4810480717566948,4.008428654686886,4.9328563442063285,0.01955421935252428,0.004603642376324792,0.029080046607707896,5.1418815454833595,166.41592906474452,120.0,97.27677695067617,0.004974720555035532
0.5187286826396542,6.775732044323971,5.6515612781922115,0.004888911745274542,0.0031011975717066486,0.03130839989403862,84.02112806949243,85303.02909828776,84.0,3337.007002800761,0.682566423095325
0.2634945310371414,9.105054382637636,6.438692494426803,0.004550697734992488,0.004432817442476451,0.08942473301878741,9.926537619254429,10.570400548900762,66.0,1.1332354891068173,0.00024902455735366244
0.5678355383801792,9.005013160091785,3.9530477119006298,0.016314668388825854,0.002124457291955138,0.03941585540960908,72.01764899380153,192734.79777640552,59.0,14082.580635441864,0.8631852207972069
0.5579556658535039,5.434590470664258,2.37713682270216,0.019602018955702766,0.002906025997197343,0.084367725141712,35.353808233882454,54915.22861537489,76.0,11033.280328637436,0.5628644862333203
0.5547071761257618,5.974030503102714,5.818062551468522,0.007753239882943795,0.0004710684087596267,0.010856424180567023,95.41064417023821,141941.94554727545,73.0,7090.388082559646,0.9145064759517714
0.47445589133990423,6.911018755754328,3.825079733807984,0.010323372526622536,0.0008844548857725062,0.09548160946743298,50.35329761418345,60916.9098561475,97.0,7082.655510636466,0.6860796210125393
0.21538894980962212,8.151408178751883,3.0813678116565955,0.0022572196309179537,0.0021580317726459975,0.02611523367357725,73.28413074250813,1465.216624402623,162.0,78.36855952441644,0.034719066966712016
0.5951799162886617,4.703266245061576,4.164361641703939,0.004289130521059982,0.0017100462706175676,0.06446415977361028,37.68092483665182,55532.56153723114,88.0,2821.3234612613046,0.6577844734284448
0.5745461636894404,4.218802530753098,2.8664413810938107,0.007835042138058985,0.004228582806072807,0.040112224094909776,68.73274650741516,35166.43389727742,77.0,3456.710263631798,0.4411859186871125
0.5780549573131781,6.12788100524728,3.3286692553685038,0.008404075666271774,0.0034487838754397437,0.04080130064408643,99.37470710408036,109202.22518456119,61.0,6060.871038886029,0.721182350036452
0.4495181367697998,5.157167305905821,2.882742004258429,0.008073344497362304,0.0023924891051743304,0.08721475620655977,38.067752539525635,9676.950652583797,127.0,1825.9678254180005,0.2261724154115529
0.3822722029491904,7.445404076146922,2.364036127714713,0.013089036829564752,0.003789616132636819,0.03512304810331014,6.355174643081124,37645.321605206074,116.0,4921.4409832474,0.37599718354609213
0.22179731925441515,5.516506302984803,6.622254072956554,0.012205156517485057,0.0012408151496912296,0.057562280589439734,93.41430990630897,93.41430990630897,0.0,8.598041322247042,0.0007044597346973459
0.5250242293197327,5.534977739635908,6.379067308340289,0.009582205558397807,0.0012862319443115156,0.03918468720974558,70.79546681532263,67234.78324074384,99.0,7076.843367968869,0.7385401330455428
0.4799597397376587,7.806630627677031,3.009060887301561,0.010689638371623744,0.004128432460767692,0.0661980977296916,2.3456064988724465,40439.82349588993,113.0,4356.167661701759,0.4075130991582877
0.438159575277702,8.752366417440225,4.985687559900816,0.01029018180786147,0.0045008066175778435,0.07447878050578913,89.00639427387239,29586.879716515872,105.0,3837.51412980178,0.37292967232804386
0.4666458115214433,5.043692874357727,2.255751229687184,0.008443318591385557,0.004711620966701907,0.04114208414145061,45.2868625502405,20307.157645169576,90.0,2365.9598026900267,0.280216810141919
0.25953353090118303,6.194060144446567,5.522959749324165,0.0026064551445268615,0.0003168048020147539,0.04052727476352375,61.27772708278784,5890.849058123871,313.0,642.5658917673309,0.2465346155349643
0.2167556897290369,8.784103871798695,5.701152595943922,0.00832106855073025,0.0018625532726255362,0.023639641181973734,39.966039372672284,2027.3703863288135,226.0,444.7628906683395,0.05345021367117773
0.49067902359795573,7.598165066259842,3.307802350344019,0.011258340732428592,0.003157642968286716,0.07606197666454934,66.54247506198467,68850.38276485127,79.0,6798.059226547907,0.6038242568877596
0.4061881866279351,8.816512864695852,4.543459311626465,0.0030568270046851765,0.0007106726845624456,0.06158760357561487,85.20869823226379,97866.90471758334,94.0,2419.6551775467933,0.7915577734160983
0.5629627486069096,6.300036140940907,2.6874230614160863,0.016138454784409464,0.003641713215940839,0.0009650879307593438,26.38038780777609,171227.94146365038,59.0,12448.907059621512,0.7713815991632466
0.2566138396014536,7.127321149205658,4.508831673946897,0.003867676556288076,0.002421482376952856,0.0962509301445834,21.401659076927242,21.401659076927242,0.0,1.2733404336369332,0.0003292261943586596
0.2143324447493088,4.931010245676699,2.9110067309607204,0.007142312370847086,0.0037822733664219016,0.013685139399749233,52.60258823601009,52.60258823601009,0.0,2.869713529504039,0.00040179053792402066
0.501707061899429,8.766238624515594,5.104214303289956,0.01278307321772474,0.003932994209446946,0.03141051049367252,31.561928159075197,110299.23968252205,85.0,8567.839880626954,0.6702488309890104
0.5989457843323059,4.995484272877194,4.015997849266238,0.010489879757561708,0.002258106800406789,0.027477370189259765,20.013083232604657,88718.50735073109,80.0,7576.853084089656,0.7223012331125938
0.34531663856965866,8.018310372948346,6.641282378327643,0.006979002744494512,0.0023394303901407166,0.07801646313460679,86.9286757130684,5992.785727516025,175.0,1144.338757705335,0.16396880752168727
0.2205988573547651,8.197649390350112,5.866335606967058,0.005977571762399888,0.003420513840002613,0.07004003773699753,8.768211350990628,8.768211350990628,0.0,0.731371994586183,0.00012235269163754048
0.3577526294513925,7.491186463235236,2.1775384999371337,0.00932803021182337,0.0018001587243592662,0.07717114391639467,18.14614979442291,26074.57191854022,130.0,3540.7011480326164,0.3795765094697857
0.27368007530284005,6.746492490821142,6.3296775366977895,0.010865549350553061,0.0015916467019298289,0.07375268814617013,16.96781644641004,28.126042759171785,134.0,13.421772393041794,0.0012352594388136443
0.3191090135926053,7.506624884601545,4.873616618856165,0.019851060062666,0.0022733932258606755,0.004838131208916314,2.9460122823657935,38946.947784229735,177.0,8565.150705359689,0.43147069619058775
0.4933787840317757,6.416908001043673,6.070155820662025,0.017378198350721866,0.004853142407888968,0.0341010019411993,4.418373640632487,13544.094916573351,148.0,3765.9770038723323,0.21670698698843496
0.4664100901183267,9.84832384673443,3.580589001401366,0.007894392184727449,0.0015529700084641969,0.01729934593584635,47.384669561231895,232664.83676462612,66.0,7007.582277424047,0.8876658409473209
0.5416145489698208,6.290231431334099,5.241113271790928,0.006620914574113781,0.0022674111952638233,0.08253679760674282,27.402221151671938,45266.940270831394,107.0,3844.535332010601,0.5806652976677615
0.5007061528472558,9.583686162235072,6.939098528406286,0.01978480516032915,0.004479629601095963,0.004082943633567658,3.9284319478187175,117883.47334437897,108.0,12104.13069078071,0.6117892287891168
0.28872819962963386,7.427809214780031,4.840908979934281,0.0020597291518138173,0.004639022292761366,0.03367855763440654,74.85594852927277,1056.6681801668437,115.0,43.12299887717408,0.020936247292125544
0.34852107359516865,4.657831511666797,2.531881747669507,0.005501381931479548,0.0015844007832854032,0.05428863756305788,48.666692048892784,873.865387159155,152.0,188.58497815858593,0.03427956475435389
0.5177809095080261,8.539119153534742,2.776920932855204,0.007059632073696775,0.00464610572132026,0.004186514125878951,47.96429096508663,210022.15279789994,57.0,5392.688062939469,0.763876644936199
0.22918219945767612,7.3504015181409414,3.599433589332454,0.016451665595989193,0.0025111207534495627,0.09354647791833254,59.154901226534705,59.154901226534705,0.0,9.131616361613865,0.0005550572559559005
0.45519508913217177,9.8092410438083,6.755081134408366,0.005411143211266027,0.0007475371359958538,0.041929628487856765,37.10823424307935,139844.08941170748,96.0,4766.83574202393,0.8809295108100926
0.3323626639323982,8.729705829225246,5.529026521405153,0.019879013996492077,0.002860543827147486,0.09211798454760912,90.93218867860283,2333.7717163073403,151.0,1311.160591060211,0.06595702338614907
0.47376090397601783,7.71886054424474,4.3413021838983195,0.007474925036763119,0.0010120140981930137,0.01071119546209846,88.46347826524682,186211.43028289513,69.0,6697.268597245723,0.8959646503887683
0.3788096537041361,8.855962344926382,5.119157675587979,0.008816008921754145,0.004295504839892251,0.008966906587785324,77.31270381430963,85597.25430219337,97.0,5026.6275617539995,0.5701704259112566
0.4506863497411252,7.664846713707169,3.104798449169306,0.006016076486829452,0.004176575872406966,0.05816349154603269,56.50605885194306,56224.822789204154,85.0,3025.930967945104,0.5029741517697705
0.2411946527187096,8.88552948838522,4.909847400424349,0.0076167783113172665,0.0011111492612537897,0.005482971315059225,31.222144280433735,59313.26726338731,170.0,4452.471222062724,0.5845609574125502
0.4195024338477024,6.922986578639723,3.1989208583529236,0.012564787608328694,0.0007829134861845782,0.03829662708166623,76.56724710415727,109814.56804920491,81.0,9950.386371772905,0.7919263486138984
0.4075446946997535,7.923662070693707,3.650807775304351,0.006238258361435299,0.004117860110380112,0.0491450710964233,77.61096233279042,45149.11153742502,95.0,2804.5079691264705,0.44956585742966965
0.5635623028569807,7.523001529373927,5.4936371330750795,0.015762394627957595,0.0004955979723349457,0.04621418642039405,13.878807269906535,145509.52084613094,85.0,14330.86253617004,0.9091805448615987
0.2719171920099803,9.257524120372794,2.6425388921918582,0.017532908083517748,0.004888070703733529,0.08471806815281825,52.984034674628205,188.55649498811434,72.0,62.08186197500997,0.0035408764866206952
0.547615847350065,6.044864833190797,2.263246729874373,0.01895154811123278,0.003632687270224816,0.05031303792604097,42.203656987572295,95512.31082763427,64.0,12457.131499183086,0.6573147178303393
0.4657772515939514,5.546495906773906,2.943016964019653,0.012926432743704192,0.0038131147794745325,0.025781981240207398,82.2568845439688,55722.72745554861,80.0,6761.012380499496,0.5230377563982186
0.22311410214047692,9.10775758071474,4.822265858322676,0.006133165834808349,0.0031479153968863734,0.05120054086220902,36.21126827437531,108.9283487637587,106.0,15.509320975386661,0.0025287626966426693
0.30882799250669746,6.098155452957524,6.869402687467081,0.003954599157742478,0.0013309474246693046,0.011294961991431547,27.92154907844664,16461.7505279143,214.0,1389.520703384627,0.3513682798145602
0.2352402239301668,6.798085009059809,3.3466040178082435,0.0033273997497165015,0.002454532854742063,0.03618808685953603,59.58795068551595,170.4725831229573,103.0,14.983533417633728,0.004503075838396123
0.41180038934283075,9.380111865778538,2.498450626762292,0.01698709444790246,0.0008409073198601757,0.0828834281270829,63.52356750280724,105139.95747284502,79.0,12967.812469564726,0.763392027361454
0.2943635400502034,9.656594700121081,4.750148457387024,0.014173230841612303,0.0005997756648462583,0.061467547890488416,50.67878735088404,47539.205685015775,156.0,8605.498053624944,0.6071655891160236
0.33759769901277126,9.736045455747856,4.703732906691185,0.015478076454665436,0.0010524058145257862,0.05930910321723908,58.02088100927651,67453.39489127917,123.0,10339.152952984745,0.6679869416117439
0.20994283347146817,9.905794702212443,5.36605843031258,0.007901601777213146,0.00010746742475328671,0.044175479786244545,14.487338281523279,25702.86716288836,300.0,3945.0006377794357,0.4992663408496002
0.4558774512182646,6.941921936774414,2.4687069284389835,0.015066938072390552,0.0005469163616236625,0.05771640560452293,90.26014512672694,119851.22051444369,68.0,12276.631830161556,0.8148060190582381
0.4992174525553413,7.074003940538721,3.3887910518296334,0.012713562952107106,0.0005341133696815527,0.08611111780362664,33.913705052562804,93716.91139138691,84.0,10076.442932643544,0.7925742744659573
0.258370492088132,9.620815346711314,3.6908170029908725,0.011020686167750853,0.003890697481255363,0.036504410059310974,10.599571474330762,999.6908461970354,155.0,199.69184470424918,0.018119728814036586
0.39489257312507253,5.8749916575591605,4.603582058365738,0.015434895642451645,0.004456265117476892,0.0033776128611902496,49.27088854262981,23215.395756371625,118.0,4667.493163269618,0.3023987509466721
0.22133781178106243,5.240502302853183,6.255420717632596,0.008420043655475478,0.0012351062693491842,0.06876869313998267,49.98634623581993,49.98634623581993,0.0,2.2412737972545944,0.0002661831564017027
0.5516276735714538,9.940356242739398,2.1726519265986037,0.0037522064665273793,0.0027974684391127553,0.07136124430927994,12.461726492740661,170831.82934111013,61.0,2959.4623858475234,0.7887258902856902
0.5905615329133911,7.740754223736866,6.898358210620664,0.009419910463976906,0.0030309923943149042,0.05666672234608727,97.01686240304366,89747.35140391618,81.0,6836.5818866999225,0.72575869089669
0.20623776792572288,4.900367134489109,3.5194167193630896,0.0029588696458301414,0.0048456884374316975,0.05352622556038888,82.75253643229432,82.75253643229432,0.0,0.9067733915738849,0.00030645939163010343
0.5624093519548818,9.164988477412379,4.028936322834683,0.018490872677840567,0.004880755560725268,0.0787068271162387,63.007313757851044,85403.8154700604,72.0,11371.789941970132,0.6149947674237175
0.3028748428368254,4.857227624296846,3.7700999363728895,0.005020043463241117,0.0006740377684622541,0.012637487781017476,62.67364720283413,10242.565706083176,203.0,1453.9464856589889,0.289628266442027
0.4176593770964403,8.281928293863107,2.670976093710712,0.012184920911252875,0.0010170406711754972,0.054553564821293525,18.560484850688862,119603.33898614043,86.0,9500.5896672255,0.7797005607522327
0.48156635496061895,8.87468711644601,3.703870805040779,0.013671273239933173,0.00021596436719003133,0.008830636947245262,65.83582932129353,263130.7561741887,62.0,13232.382302554935,0.9678968498635342
0.21110450966451447,9.921843592200922,6.018571702760677,0.01512307253678307,0.004935844390963549,0.07846532425394054,70.67068185063435,70.67068185063435,0.0,11.940698079200907,0.0007895682606929338
0.35111002481281606,4.398655227817142,2.25742659386433,0.01259093418172747,0.0046630349035142165,0.07278190536072035,71.08166249120436,71.08166249120436,0.0,19.82293374753478,0.0015743814923838363
0.3083303038341971,9.127823177561389,5.392353518701999,0.007428343686095199,0.00037104051506987103,0.046621776860217984,17.791372716311873,68180.18068858265,158.0,5333.580585881656,0.718004014254937
0.26502046252294265,7.873523427186663,6.492979968986933,0.006512954838876277,0.0036688466326181878,0.06350347953526832,2.7370015660249147,5.129750906826203,93.0,0.8719884352980072,0.00013388522673196595
0.45795397833708806,7.22006534425282,5.066470320837658,0.015163437758578287,0.00030827038169903054,0.08578688384711361,62.91727479398396,68923.25840007704,105.0,11699.672176305598,0.7715712203643862
0.22228222293225502,8.704730277536623,3.5657317855432673,0.005563575493235726,0.004919987396907794,0.06579278571340542,68.39905001055845,70.37933320327382,44.0,6.634989202736812,0.0011925764664834214
0.3076101857465573,6.159836499806397,4.774478578046156,0.009459865429345975,0.00040623116762143383,0.005965662651567977,80.40792062969706,57371.36762897363,138.0,6360.027926221397,0.6723169556399392
0.21733411307335102,4.498635907915666,2.7985668941139212,0.008607968886564564,0.0005124999982044195,0.09043135888302423,91.8510373605533,91.8510373605533,0.0,2.543392352140708,0.00029546951036387527
0.24585706090958864,6.701370577348097,2.5421588886740665,0.009934901743729062,0.0031786769636320566,0.06428715535648168,72.07213101154416,73.9017230074407,46.0,15.849983782911991,0.0015953840502666826
0.5919980501882459,5.805048481759249,3.7082282381909737,0.008544699129891236,0.003541579707287928,0.07654683426621647,15.924166935158512,50002.17493871861,89.0,4592.686267602078,0.5374895239477587
0.5190982569969418,8.25400296763637,6.732881690451503,0.007929144985028697,0.002959242450550294,0.09005742449896818,62.079996667045954,43884.180949297406,108.0,4393.650197703242,0.5541139941316559
0.3258118696637877,4.663373551049424,2.391269945054997,0.01583130527333277,0.0014950249320779747,0.09939651414823736,40.89560544755764,40.89560544755764,0.0,13.184008823536276,0.0008327809107278233
0.3394501622682315,5.729810856732924,2.1385876141753735,0.016443603598544125,0.004543203781018361,0.030424464114592417,96.88306721790438,4296.195644647575,99.0,1272.1530989217506,0.07736461726883193
0.24079891712468032,4.54991373691412,5.032006589774476,0.00954611507215462,0.00323676681415063,0.029927671120174776,55.10340482568951,55.10340482568951,0.0,3.6224797080864053,0.0003794716154902572
0.3683552614268384,9.285554598529798,5.636675028636131,0.002866703886016817,0.0019041945871300916,0.041342974521837,85.83539416675146,77671.90013975748,109.0,1917.6562865662627,0.6689411822128493
0.2837660403605641,4.649942722877633,6.140192493494251,0.00447722315337299,0.0036478085163165926,0.03454789579509631,39.05267979879264,39.05267979879264,0.0,2.3757687563358467,0.0005306344300810685
0.2503850922624148,8.742094321810129,5.949942574623714,0.014821962136766093,0.0033869018772311123,0.045189906767425694,72.2302963834036,559.3835429133463,133.0,195.04131680517628,0.013158940429443773
0.5837569145743293,7.952288621899088,4.19377508023935,0.009066653613196977,0.0015959678478889583,0.0761794547381765,13.320510249693195,119507.36194579858,79.0,7304.200999391799,0.8056115642005074
0.24388461023128802,4.446942792344026,5.851539746008963,0.0026572853190313947,0.00292889087505945,0.04751061205725646,21.25426619095438,21.25426619095438,0.0,0.30280189195903096,0.00011395159179572208
0.3774898007117612,8.661055675184212,5.843987587823266,0.013868991147770335,0.0003680564143435216,0.013337148014812925,42.58319560189545,152865.20718902553,101.0,12471.232044443037,0.899216959010604
0.26932925349607634,9.351039237849795,6.932142650182523,0.0024276078166280057,0.00384521719887509,0.06858856548307797,20.88402722186643,80.75411932757227,114.0,4.877140454263726,0.002009031450985426
0.38056997276284166,6.140406806146532,6.996746465583593,0.013388414432789115,0.0017199333346313204,0.04087758850232687,45.84958149589177,19250.198715271938,172.0,5268.724494985423,0.3935286378708122
0.5296807088581359,4.360813448794508,5.679812705387407,0.0027745343460935513,0.0027175740308027063,0.0590618797060395,90.576005884737,13878.32231308836,124.0,912.8455379177609,0.32900855568899867
0.23076046224336075,7.402965696962637,5.80252303441803,0.015842619056921026,0.001100575459090858,0.0017586735362209015,86.59305282065276,22280.538682724495,206.0,6127.457631764551,0.3867704961166269
0.430659338639374,4.302879991416236,5.043484053611301,0.01760158583849898,0.0005846047631802861,0.012517249420932361,58.167228351288905,38479.18367729048,131.0,10897.770157328656,0.6191356993238971
0.2618952743214032,9.964050577272083,5.933199336711541,0.004303959172299467,0.00026422483824066093,0.015573637661414534,73.2427578904088,106015.58835477447,138.0,3502.5559070485065,0.81379859028198
0.39975112016423686,8.525645920605186,4.952880435420829,0.011200705453541456,0.0037693531911983905,0.06607680218193453,64.37076803690186,25138.964481817264,120.0,3882.017911443548,0.34658691164993743
0.38770659641063915,5.7862881158461255,3.7819197491368612,0.005935014186452893,0.0014641803952136878,0.06337446564586367,48.79839190125527,19652.493408875067,142.0,2265.8346590585434,0.38177409318253597
0.37137697885055315,7.611022967877176,5.279284051162149,0.015223647237707763,0.0009494958961741543,0.031154518374731596,41.797801396775064,82505.88868919759,117.0,11214.073159290067,0.7366219792267464
0.3045807495093259,6.884420992461015,5.454370259277788,0.009968704826251992,0.0013580857521495679,0.09729878707408761,35.13882562475773,125.97735500216132,167.0,62.33791351705369,0.00625336135526201
0.3099144216491626,9.223853473949147,6.494248338718513,0.012820460747798568,0.0021018117469603238,0.050544827020232,69.0395540189503,22144.513985193058,167.0,4685.675970842708,0.3654842102026077
0.28179970603543825,4.913425836594745,4.105924426389416,0.016899043819755717,0.0004480083458912758,0.0005430655280847663,4.884899818468973,9283.155204182998,307.0,4815.9405566597425,0.2849831283045842
0.3355691852132547,6.65415994069787,3.0879620325754598,0.009128948751154258,0.0011647728874405532,0.06452206766758424,93.0795734858293,22316.13025456769,136.0,3639.240922741844,0.39864841198519063
0.3369265926987025,5.91200373892722,6.3455214575103716,0.00461641914125204,0.003967678837230332,0.09645404064157423,45.580086121125284,45.580086121125284,0.0,5.487160692502227,0.0011886183911398575
0.47665129895755437,5.110343848952432,2.711019961639646,0.017224587955000717,0.002015793555172021,0.09613744411055229,36.48321320060798,17764.43987443253,115.0,5962.0931025661175,0.3461385037564956
0.5201070157660139,9.393841364331672,2.032286840639688,0.016272765384006165,0.004658566329435916,0.005768875944781775,71.50143385103638,265618.28210530535,48.0,13123.312130870674,0.8064586332553547
0.32833354466367776,5.820437351409982,3.5731555763079186,0.01917616171685163,0.002350383568086531,0.09717339863185481,18.97658560221665,33.525515287711805,86.0,22.89240086491794,0.001193794733426788
0.38423802647393135,8.313792396797204,6.314797502486606,0.014654699765519787,0.0038352266363354467,0.03360992947678442,57.60301475928432,34916.65921885125,126.0,5955.151913874975,0.4063646481442434
0.4390158523866833,8.654009501275329,5.820892654458178,0.01402644760060066,0.003051339681590502,0.07090071421446739,66.09708402248316,42803.92597828545,113.0,7126.549694268076,0.5080794437190852
0.5789900403437653,4.188982917529767,4.641383826521048,0.002721251039944969,0.0004892500391851769,0.09454973549573616,80.1058112969493,35164.29119100923,105.0,1739.1086051189122,0.6390842225104234
0.4090704276925198,4.694105688708579,2.1889204571616436,0.01406979352091474,0.00142631444675193,0.0553284699883799,15.708759183907608,15111.865232823217,141.0,4386.453354691209,0.3117638754378827
0.5404447634424037,8.773917600836583,5.0876130222592835,0.0024530184058913058,0.0018613549941448463,0.07321221579466554,99.73125190012058,111346.16660621818,74.0,1951.799384439389,0.7956725394933206
0.46025520306905443,5.347535027654679,5.028228157546895,0.01756346057180707,0.0038803236151121545,0.0014659486815983439,76.07987534739239,45282.10825271257,99.0,8607.497275752172,0.49007980178854804
0.3739169538822765,7.240546345581275,4.480418717340308,0.019075539447994706,0.0022009586826443445,0.04940153219488708,86.72335309291626,38222.874992646306,118.0,9343.958949703787,0.48983982734423104
0.4535312106038309,8.846023134091816,3.718932071819069,0.018157063192620497,0.0006907900360237768,0.01818316239848596,28.925948635663982,213259.61539731294,73.0,16658.698748046238,0.9174775992858117
0.2124962863436288,9.485712376330461,5.699825301271851,0.008708604770990854,0.004079844745249243,0.01389580342242402,79.12401065244886,1213.5520805148296,141.0,181.21199021357026,0.02080838377431063
0.4217196803202288,7.51271295367755,2.508485752307375,0.0020231101488874235,0.0007003059032195778,0.011647970225637044,66.05424983936608,192695.15793935364,65.0,1796.1145455699243,0.8877986927986419
0.2748399638638057,6.604401647911749,6.237508289297577,0.0022358290819317695,0.003621080524689189,0.05282244220463474,36.594803501653296,55.343880921328775,84.0,3.347818710614284,0.0014973500155574312
0.2902899395313616,4.95994699492705,2.9653482820233648,0.009432679622913099,0.004212349720980273,0.05799003511694054,24.981273314151007,24.981273314151007,0.0,3.4579378830152923,0.0003665912573364135
0.36922109276525067,6.336555046545669,5.509962197956568,0.00200452270587829,0.002378859491542551,0.029745595791926916,22.334453709505986,18896.970095999728,163.0,661.6843283276639,0.33009570127954335
0.23491233338720552,7.557872803331149,5.499465859395176,0.004810724415885637,0.000866790837923792,0.03759499284319686,7.118154292014801,869.7722675372721,347.0,186.9951380150926,0.038874555782441395
0.5145494357316854,6.5301652993537385,6.605242394587185,0.007416536868621688,0.0005146739778271801,0.006636156628192583,2.0240794757207867,139600.94173441507,113.0,6648.573023332175,0.8964525008243834
0.5527790949199807,5.027974298455944,5.794058842247782,0.003524797974032474,0.001349501349598152,0.03646054110097186,18.342436138035726,62497.577802948465,108.0,2498.632502437657,0.7088725427231076
0.5903368515282194,8.603224340474142,5.760842200683027,0.01589179281578911,0.0014485122966770032,0.07876278912329995,70.7077032872992,115522.03714627212,76.0,13299.63906310024,0.8368872673627183
0.4772449742585031,4.967517116342067,4.156349359826372,0.017895746400605594,0.0006320451503465291,0.0178582476801613,41.99599301321633,82730.98436653367,93.0,13841.197798593692,0.7734350660068215
0.42741845500483605,7.968152652863562,3.7667542030446515,0.01952608255358044,0.0007404727244851133,0.05860620238763214,15.597986970425476,101955.06414216704,100.0,15328.979143587236,0.7850514357666918
0.4512165611873112,6.479408439362849,5.977924674880821,0.011219690614057084,7.271700612279304e-05,0.02622022756308295,77.9061565278482,109254.75517757508,95.0,9947.630077480382,0.8866224942973965
0.4960591803780915,8.81004927737235,4.041582104572931,0.013036546751404803,0.0014821787586462483,0.07557056935652676,7.374232143965461,103743.02837673912,96.0,9892.345595041821,0.7588164092592855
0.32648067231528854,9.853871877145622,2.6006815621393526,0.01897978506320129,0.0007954172227318543,0.022959674003254056,41.6605837631385,163977.93835372775,87.0,15864.595342980774,0.8358680190609548
0.4036731442999588,6.1516981848456656,6.0117485311744305,0.005335944947724479,0.004558246517824714,0.025212043393988706,69.25249634860432,10767.528923125,130.0,1020.1795462490858,0.19119004342129486
0.504032743524754,7.626092867458937,4.461423491482755,0.012129669706252249,0.0010371637079283293,0.03397648544753226,62.00545283237908,151609.05545190824,73.0,10560.358902579832,0.8706221322033567
0.33462097794949885,4.675660003456935,6.950043456520604,0.008948423496285081,0.004801633098802936,0.015315323918443598,68.87445883725115,123.4397369191695,81.0,29.85228695011234,0.0033360386846359603
0.4948586046569244,9.79128710800883,5.209755983909849,0.0021884892388633905,0.004105675181990903,0.08626156798601241,67.23332345990876,53202.64645942458,93.0,1153.4692523046656,0.5270618798672871
0.2786215407161673,9.666942842332457,3.9193344875564673,0.010413909199135074,0.0006467708416663172,0.0511172249602935,82.39106408785224,55530.71933759887,138.0,6452.758347182566,0.6196288275413895
0.4017509996775116,7.08712140139664,2.0939061186165935,0.012377882804485903,0.0018740019928095695,0.062358253516935185,95.28227971051112,67959.33204638032,81.0,7528.725432402589,0.6082401612070599
0.2890733227363006,5.367263257974568,2.2899883824614635,0.002503630228010375,0.0025355414051116214,0.030682410279400198,90.00858691453402,691.4888516580762,110.0,47.09481854322742,0.01881061269205615
0.27401193098510856,7.138259749621281,3.9611139257280352,0.019106032075189322,0.003982463115978436,0.07490378352333762,62.541297983871814,86.38022917661704,63.0,38.337749382151316,0.002006578301097692
0.27056301671205196,7.1869172300282615,3.401469700877941,0.006447005608531624,0.00019808770930691548,0.03852422278000825,97.09484594648006,36845.063244942474,157.0,3570.2457865437605,0.553783570751014
0.5359617397746834,4.613008699912838,6.883538735723956,0.009864918096677017,0.0005545672034657292,0.03547017929694891,43.08668240242407,53908.62895656187,117.0,7422.270338949655,0.7523904675346302
0.25585934314586695,4.917183864876601,5.1504841702540975,0.00833924070166174,0.0033376030127433565,0.02061632629309551,68.06127924337804,68.06127924337804,0.0,8.826019599001327,0.0010583720886294342
0.2703577781183174,9.596294240277281,4.099492723014551,0.0077060486002681495,0.002070834516350697,0.07105864088390516,32.16351986993703,2247.966549834495,190.0,470.8238340842726,0.06109795804660777
0.5347364973277366,5.497200631781087,6.835858924794833,0.005391396353411511,0.0015401217348127814,0.04826107961926546,58.39856350745043,53840.74626468472,108.0,3681.692914761971,0.6828829997691239
0.22262343424963746,9.189112483478679,6.96081235288582,0.012247566166751966,0.0017586359160766461,0.0574454736416564,23.17220603019071,82.07798580361039,168.0,35.23087191676701,0.002876561061828877
0.3093104444921768,7.498624549093558,2.4299255300995393,0.005237845278052722,0.002873939553550791,0.05176488279177454,69.86883375879299,10834.674582702983,129.0,989.0013982782262,0.18881836819851752
0.43958280400209526,8.944793834344143,4.5905483926575075,0.01776202344570759,0.004137134264134014,0.062037859602894624,23.436201205775816,41744.863213185694,111.0,7720.520675883326,0.43466447949932663
0.5463983161213393,6.1655795662673665,4.974607636054067,0.005855298005786297,0.002489242727698536,0.05549081237034819,56.7908035233199,69169.23625595807,87.0,3906.710417875893,0.667209493695321
0.4881787394165179,4.234364798243536,5.402018442713972,0.004776204945344492,0.0024735532155814024,0.05567519116962327,37.49697720604901,5140.2562760812225,157.0,797.1598129711163,0.1669023465477822
0.303738048270184,6.535269115440396,5.891987852593005,0.004376853107573156,0.0017468611329655328,0.061340021421255275,79.54575229688913,1080.4108063052029,186.0,183.44902846997513,0.04191345333361471
0.23447229759695148,5.341895908425407,6.383981446445563,0.014234647753181891,0.0008015941480552784,0.007976633744229189,87.90601572421434,254.95736196438915,222.0,201.657716576566,0.01416676920464589
0.2471204423332109,5.450916211065473,6.517246329510872,0.002763328370624373,0.0009778137346726546,0.03909156414541088,30.629650568928817,30.629650568928817,0.0,3.059198371286852,0.0011070701653549432
0.564269220008634,5.488202669908695,5.899767657835092,0.007600230338109449,0.00442244711617165,0.08896879553583735,60.89879231977179,11182.091847718306,116.0,1847.4113861347491,0.24307307857123242
0.474732238420285,9.406536723652293,3.9753125628120465,0.009713716182650566,0.0033796270758271363,0.06518271112120823,10.110568164104704,77319.05934348387,98.0,5773.307120875397,0.5943458726112428
0.32345468599480737,6.233679906580228,3.7310478990079297,0.013358389512660503,0.0019956757009883057,0.04308930184815807,13.860851067069868,3964.8720913871816,194.0,1444.7584186951221,0.10815363763168058
0.34301812221015665,9.148311600073946,6.5251708573078915,0.018210472442046988,0.004311814924854939,0.06646543551270677,87.06340312168714,4194.517701236382,140.0,1595.8997302186458,0.08763637161514835
0.2432992538262514,6.556733957065145,3.5488722569979503,0.004176858303388833,0.0035148648695643592,0.05700644151562604,32.74819119120417,32.74819119120417,0.0,2.5521507500176863,0.000611021625499489
0.511484270570099,8.206129348237098,4.221922194418877,0.014956698161027697,3.236497232793988e-05,0.08749620538285882,36.697970573742914,117489.69839549912,82.0,13224.942064135897,0.8842153476491095
0.48706730369633994,6.549357038644146,5.765469422073574,0.010939008986984008,0.003872309003128538,0.034228876850430155,47.62377704742747,46991.1013558629,104.0,5523.878249791863,0.5049706290912249
0.3315342369000027,5.688352173455029,4.052385151275919,0.0034112890309556643,0.0030314695414175963,0.09138323029951843,5.502048858913256,7.758024828180229,73.0,0.8439858345764671,0.00024740965274936755
0.3112402670135913,8.558270663884233,5.842246034849923,0.015551452545188877,0.004912354440159396,0.060400067328271224,37.135035986247075,451.1922937201943,116.0,149.08050441811483,0.009586275236021962
0.5658900288473424,7.293046009832212,2.565477777679268,0.00438765247352853,0.0007373686145942732,0.09527010628315674,17.242791433942504,123919.6249335104,69.0,3632.306884879701,0.8278474438880565
0.5843462248763389,5.302308395981591,6.078783665284894,0.002372371073895886,0.0013174592970840646,0.023842458317493105,98.87400205029023,94284.6412201933,80.0,1931.0506694613175,0.8139749682119333
0.5936602029681016,9.915358674315762,3.038199582498576,0.015619723289245614,0.002817890623113925,0.005016847630820833,44.77659053996767,315068.50124821224,50.0,13809.225950356857,0.8840890260754304
0.3185637214589705,5.931225006272046,2.6990502887989916,0.011853647487103424,0.00457279433137465,0.002355856656034554,25.683245964467112,3890.9646000835623,126.0,775.8711485323429,0.06545421140425155
0.4155356132128044,8.940316733290507,2.8518762176946555,0.015508671298742794,0.0014146843445256743,0.01770458829421225,38.224236563105684,196286.39508770723,71.0,13283.569359514877,0.8565253014674253
0.4345740595390546,8.19032596672097,4.517331762154087,0.0025700410724561543,0.004190192918277363,0.07426003913303529,76.96329018085456,27992.63260827346,106.0,940.4151167790693,0.36591443104071664
0.4074641995781926,9.513912716938853,3.7763631721197157,0.005939453701488539,0.004231361174030886,0.07824212169401071,67.69178292360307,32532.155521299013,103.0,2240.998898438842,0.3773072425629321
0.4268357819782903,4.7597502786501895,6.471659773069305,0.00577280916751177,0.001849898572461233,0.04638842640737495,7.816841252934117,3020.495332203137,228.0,672.0996674618331,0.1164250623858253
0.4149203414571456,5.538489987022066,4.634562686216246,0.0021578315400772696,0.0034261819008295394,0.08869146846769571,5.369817055159439,90.89871258612487,128.0,6.50249434789071,0.0030134392917706013
0.27520213941087684,7.976918974793398,2.7616930288798813,0.01412787802456899,0.003439696036177681,0.0857364824717096,4.672856883091443,12.774309666323905,79.0,4.298414743457258,0.0003042505559562545
0.4878803708237648,6.266668394296893,6.946774624804099,0.019744597380563625,0.0032564810543232697,0.03975984590055448,25.425188657497543,32278.968772698594,130.0,8917.028586029053,0.45161865872265766
0.47000784276253144,8.950078861373669,3.208238468818543,0.015091478454824246,0.0010389319255297478,0.06175570165375628,85.13316955660008,145660.03659216987,68.0,12752.346993201214,0.8450031606495585
0.26710933654196445,5.167519494743367,2.9144338539976578,0.016976533905917426,0.0017949827002493696,0.006215272646631824,95.59302158137936,1219.1086843057726,151.0,639.2222200259457,0.037653282087407376
0.32239947628147597,6.084699794203958,5.69051882179121,0.003163935737909871,0.002820364221738927,0.00238783819429007,96.26580230030115,16426.840216626097,149.0,888.1345166630076,0.2807056116916323
0.4480282944447362,8.621375971426776,6.029720204857953,0.013795548899721288,0.0006644306601910343,0.08857733044388522,47.80130144666774,68623.15776575278,114.0,10428.733269443914,0.7559491358589323
0.5290492232768256,8.07286865759204,3.0699301565165946,0.01316620322513469,0.0023736756844921925,0.04045737463366481,22.17852882328211,160389.84525779562,67.0,10559.424739270531,0.8020098549832702
0.2926724852811148,8.247148105535977,4.129612926955959,0.0071126836110962394,0.0016946142977330467,0.014966301760331722,48.590409999889154,62990.97575406112,130.0,4127.2473858160965,0.5802658478126769
0.2267083335607637,6.625549964812723,4.2787436926185,0.008014965210027163,0.0044380784447337895,0.037019832061436164,3.5783185993836732,3.5783185993836732,0.0,0.4725279369578219,5.895570655336887e-05
0.5998662693815633,5.216756759625445,4.354776187454656,0.017444468284086627,0.0015302664312826615,0.0773606631430675,15.786626715753458,60982.533344996256,95.0,11965.087630546997,0.6858958058046367
0.5085481654765784,6.0064234222409025,2.0723908641285558,0.004076253534696619,0.0008982505254229167,0.09588375458015659,53.52653428190286,76501.6080474901,72.0,2848.067823229645,0.6986974188399226
0.4045483255078566,5.771355618405144,4.11939533413978,0.011631890169174873,0.0037805594552342394,0.018303365445164806,69.7864274661843,26935.745547171915,111.0,4155.285361870271,0.3572321696160784
0.39329556253012293,8.141497438326244,6.5841998698392725,0.010115949045590373,0.00011965500739666934,0.08215441902031315,54.33526082280491,56368.48388663272,139.0,7630.9942777324195,0.7543527792934901
0.2623454765071289,5.747176070298973,3.9368241160673616,0.008494906483843826,0.003980776535210846,0.08546770954320482,8.565233281746757,8.565233281746757,0.0,0.5949738926257623,7.003889845724894e-05
0.5319259629714037,5.4004381227215905,5.460455251724692,0.008168178925888704,0.0010043246814616462,0.05339986933802532,65.93553184407808,65719.7995189112,96.0,6051.948679565093,0.7409177412095743
0.4343515963175365,5.092545026600002,3.8113122811709683,0.010749296307778143,0.004276007836098951,0.045010754934671715,73.00334583726546,6458.872724300615,113.0,1468.8614952675798,0.13664722352148015
0.5612638070153115,9.47600725957436,5.467012551380559,0.007255137646533653,0.0006588063516105149,0.047162699012701606,63.786670761371326,184236.42743920733,69.0,6752.241753904566,0.9306841693252565
0.45268712489070345,9.14181799827553,4.505160724609562,0.009632757634436905,0.003020402414356869,7.717682305649399e-05,23.29327217519331,187259.41810118157,80.0,7493.191047538623,0.7778863884990346
0.5386525348846187,8.12842302200183,4.304220707381122,0.004213085024428534,0.0033291170307663195,0.013584866737017776,28.494623886364536,169264.70719896618,70.0,3272.908169647172,0.7768436076343164
0.43292138308103606,9.018182428402435,4.554357509000637,0.009765697036998908,0.0011198119377628154,0.04975270169645515,7.284909461906813,116118.12744780658,106.0,7726.058372402599,0.7911425414009047
0.5438531493150538,4.541016526495524,3.7959568088936892,0.01708374341145457,0.002106347381127223,0.005345467564931941,72.43604383441033,82483.4168556167,75.0,12142.26816335647,0.7107498556326438
0.3900536179246321,4.1564645473615816,2.764199585429517,0.011613682737673013,0.0007285709630241509,0.03077197786212542,46.353054837000705,16880.926115061644,147.0,4415.280451435258,0.38017918615192997
0.38996436409649937,7.380435585653377,6.681508365490056,0.016477954958757847,0.002555918405014591,0.09825674883609017,33.488729435585434,1976.3667411696565,182.0,1122.0864174211924,0.06809621826431954
0.5107133523975791,8.34946849623747,2.1119254853311356,0.011447503841539444,0.0036173727337928375,0.05554217001061538,92.23853906307954,143532.11830993928,55.0,8470.708946251914,0.7399612232943176
0.580014208328131,9.250121911857612,5.6671291559187065,0.014755084135404488,0.0002598726631659502,0.09762224541992925,28.270655484713917,120985.45795071451,84.0,13362.633610414272,0.9056291030120899
0.5739206321912511,9.68200262747455,2.8583426034032358,0.012702620116771559,0.0027549159333740236,0.004509149196709941,40.836420177994185,308027.53469329514,50.0,11201.330647182267,0.8818126137923995
0.3911598604055146,9.265765985818515,3.4961176674530017,0.008293744138644865,0.003807112704712876,0.05324508912090164,74.07030934004345,60108.3106081174,93.0,4261.494855523468,0.5138203909217475
0.564513773488252,7.1597434337046915,4.2833105801002,0.01965100753189883,0.0007214305318485881,0.09490511955886127,42.89393074700218,95764.5987698716,80.0,16086.38289821186,0.8186034671300886
0.3206835725633972,6.968085499595041,4.68727919860088,0.012493241307297925,0.0005254685610775921,0.008360680945805414,3.6081726089574406,80007.4995892373,159.0,9069.68802589159,0.7259675694083916
0.27699353128852666,8.444970740455574,2.16865080080785,0.013447054594171347,0.0011258584202045658,0.007628525886660892,1.7018686304461779,94866.1398422029,143.0,8827.551444885334,0.6564672867998648
0.4416855068654142,4.867792408891756,5.371138210977258,0.01115449111685958,0.0036761924896034845,0.09414261889702971,47.2608872435545,252.51693166301476,106.0,101.05797934683144,0.009059846683107418
0.5248926932654688,5.39127832284911,5.91216862682165,0.010724770847529895,0.004242624651084963,0.060690167786590254,66.83481188360891,14926.828965838082,116.0,3065.4195577951573,0.28582611240604355
0.5301986381971683,6.635790973314408,2.5897985947546314,0.014526888154957153,0.0028859221850441154,0.03231690887949471,36.8147576737472,135260.88417536335,64.0,10934.38760257812,0.7526999234758256
0.49119360104312115,9.236663424196367,3.9092123549548656,0.014467923024195178,0.0022197538365894285,0.055186018846416586,74.20589541558033,135702.5109028449,71.0,11418.3052640648,0.7892152346241833
0.3300363893060623,9.785365066048016,2.0673723632657195,0.013774105878267714,0.003045649092864558,0.007460442316364119,98.0696737841634,161540.47786617719,73.0,10012.647469523414,0.7269181432183576
0.4028229954176811,4.844781738577014,5.252590636295336,0.007507416875575279,0.003452334319230229,0.04184806577709871,51.55077927123062,1211.5790823501627,134.0,278.0856513376709,0.037041455929055764
0.3675836039142855,5.994304200355103,3.9047965079601195,0.011594046492437175,0.0025288735827141548,0.08732612314969819,58.57873523559814,1076.1302877721682,138.0,416.1427545228171,0.035892796772401106
0.3340782982864406,8.586154967998878,5.9302148633766825,0.00925065219630747,0.003357837705656312,0.008748064663952938,31.320423257471926,51038.026042350415,135.0,4336.62687413516,0.46879147352077505
0.298968475463343,8.838957499153196,5.858675721354791,0.010843149648232908,0.0044867895456377465,0.08496960427661929,8.98259820397783,29.741793738085097,94.0,7.772922969526007,0.0007168510277632059
0.585358417137129,8.646111076098936,5.514252545687576,0.019666842915695322,0.0014561623705506707,0.02339717039564019,20.741887165912477,196975.62490124188,73.0,17548.672613044644,0.8922973904998136
0.5813924133936905,5.305106127059769,5.901210618954925,0.015012624964217526,0.0035559545865060526,0.019620110965545327,11.32687401798028,53531.877156488845,106.0,8388.212404263812,0.5587438855134969
0.4694222363221672,4.167342184816033,2.447540503993662,0.01211526287785767,0.003912390408986523,0.04227078407952877,14.013727443414403,2770.075663903126,118.0,825.8341305709714,0.06816477189944403
0.3882663779830547,5.952404167652507,2.55670706108804,0.0045164549358664525,0.0018160149384262067,0.0928020743192444,36.053222156778844,7516.296152135022,146.0,870.5521236733572,0.19275120332986267
0.45606447153864577,6.030753170234387,4.265967628159785,0.005458880018641976,0.0016870198496222156,0.025534267804795164,43.0111550562658,81944.63877268361,93.0,3845.0032317523305,0.7043575272989544
0.5426990634164996,9.504375721307591,4.896010892088967,0.012617969722319699,0.0047822847575681214,0.03378081469199564,6.242238730021534,110730.49113197152,90.0,7816.887239773468,0.6195043586090008
0.5982061121243157,8.516078736187389,4.880991396101367,0.002086241111572735,0.0038216716060772496,0.014392404542879567,29.183647850416673,181599.4891759088,67.0,1626.16621662005,0.7794718489629162
0.21870579117564096,4.338475497995475,4.214793596299987,0.013119185049640627,0.0011723266079564695,0.03572090320963251,62.86126205139814,62.86126205139814,0.0,3.9837924716036315,0.0003036615808474144
0.39068182996021744,6.755318263164647,6.975772110198065,0.013884507561249015,0.0017174853384913664,0.0323803289751947,50.04345383708891,42060.898800471725,141.0,7830.987152273067,0.5640089947539065
0.3754652418540221,7.266352435004165,4.086261338954056,0.006823454155126592,0.003091536284363751,0.09245439340333374,93.01143697892823,4683.683779826394,132.0,797.3875403265963,0.11685980768662459
0.45729516128077125,5.838034030780051,3.5844344629021303,0.010016518777090226,0.0004349630778956579,0.08828034171910829,2.5590828414077307,46204.02277036467,144.0,6366.470616201879,0.6355971328844561
0.3022902245086274,7.153285048790105,2.0800223975885226,0.015578494527451288,0.0013930138224761777,0.048808400947908774,88.09208687740556,28580.36946994284,124.0,6336.81596579982,0.4067669025805771
0.4631605571856992,6.999485720232755,2.4866340887624014,0.00753269072322387,0.002505626110009247,0.0986214102198333,59.46743137966636,43678.76386135201,87.0,3806.7108572777156,0.5053587087468409
0.2327567232027674,8.507428247054802,4.649441801194239,0.003063482979713061,0.004986792468022234,0.021892258944409007,34.82906731397973,259.6847451995372,105.0,13.406931543449492,0.0043763688691050625
0.4921088235520008,7.826659961794446,2.6598471188552573,0.013626723769740669,0.0032632307510407493,0.07149746742478646,5.864754167969707,71457.56501056772,92.0,7806.208629336627,0.5728602679002716
0.3166751727721091,7.1125794383896395,3.6000902053994794,0.0033643022901968566,0.0032825364011587056,0.07261179779455625,59.92778396187816,742.8765591087028,118.0,65.03044977188786,0.019329550130313275
0.327519707181006,7.529300294724349,2.295447741389962,0.011060957553356145,0.0033211683906054184,0.04936281721799221,98.00039141638331,20108.206044841845,109.0,3070.1965271377308,0.27757059118323446
0.4440666230782297,7.533164975627562,6.764600109643626,0.01596468416911781,0.003800166194938901,0.04444978557260676,14.849077653401856,24486.96186992969,144.0,5546.286460949576,0.3474097202422799
0.5121210589316597,9.32810704760892,3.0219873628617826,0.012327273210505177,0.0021459270795385317,0.07530303718455067,4.492490147488462,120681.85949592626,85.0,9138.107698096928,0.7412918933531495
0.34246239942673323,8.933160506924462,5.713200095911523,0.01141524208708378,0.0028082592168234637,0.05500510336482903,28.976691323599805,17637.92046392465,162.0,3320.2159804621565,0.29085813118400194
0.43364362711252424,5.427678111733665,6.362833176017174,0.006160626226082676,0.0029924760891494218,0.010036416212532507,39.77598064377363,27776.74596596098,134.0,2550.190800640819,0.41394993090862975
0.24297015980085065,5.175456091125907,5.537321073028389,0.003617976781948324,0.0025911796000975006,0.08403503382328688,4.2726043650069245,4.2726043650069245,0.0,0.08023598674273709,2.217703196523249e-05
0.4476207682915705,7.7827200160985,3.744490786006251,0.010814070169968356,0.00036008855633391096,0.08094924810716861,75.78925099386957,91210.5946152948,87.0,8603.56310689161,0.7955897244669697
0.5757625336496752,5.353983813033321,2.3862326515227856,0.014240735053507314,0.0016604888715759515,0.027669189218896717,14.876504340032989,136233.83480881335,65.0,11434.329493284715,0.8029311303329524
0.29094442790970054,6.809230874558419,5.421345120287068,0.01155418759681054,0.0027296645649072565,0.0733909685964224,80.68179551999218,174.64914446428338,103.0,64.72029980281378,0.005601458281729758
0.3360683062194127,6.596028139040417,4.133895669378564,0.017728982972633686,0.000967553440036083,0.011473949034412075,61.80340127242639,72518.9328249216,116.0,12086.95841569497,0.6817626501391711
0.28775140393118936,8.106029487519592,2.031048978802655,0.01625544898555687,0.001896054210262039,0.0061103456306747924,77.97746070149581,96229.6474796328,95.0,10482.909685335251,0.6448858899344717
0.31217102395217766,8.976738072818835,5.332004452435387,0.010837778427148623,0.0007782682687497255,0.06474477248118209,53.16773166714898,38086.02198547371,162.0,6063.623657755348,0.5594895391629314
0.42889879558294497,5.291803955332824,5.770572455148198,0.003447314949619612,0.001574267597308221,0.05020480407496737,31.744425447837852,19584.350680012154,159.0,1414.986027373317,0.41046032870580823
0.4244336212039391,9.521503836525927,3.1643805806439973,0.006925439429717843,0.004652189608963487,0.08380830406654566,43.29102491041186,32395.59250269946,98.0,2496.191193319957,0.3604379503499104
0.5726796769666993,8.918269583730766,3.759942311633032,0.014318609373628251,9.318051862077813e-05,0.05126350436461094,1.548796758139079,212771.98031073026,79.0,13743.159231618583,0.9598110314351112
0.30084948390448873,5.274851426750074,6.341880733896117,0.006943681839636193,0.004958310402814346,0.09162719586381897,84.91534010421856,84.91534010421856,0.0,4.9269247193274675,0.0007095550794397578
0.3764608917626551,9.347139578381038,3.4872325117561234,0.002840187978720922,0.0023186648285259555,0.0010043008161912197,10.192478940019628,174855.14243328143,92.0,2182.065727919082,0.7682821504306836
0.30007178949113983,5.736731868224932,3.873750533714234,0.011762492026810427,0.0035956749281131424,0.07961522915155538,28.628684819882665,28.628684819882665,0.0,7.578916730678765,0.0006443291705026467
0.2131549991689407,8.700427335387953,2.343031392542427,0.019047335197351446,0.0009688551179686071,0.018376761608389,38.672546311820334,28530.33300794769,184.0,7535.673671178946,0.39562876345189607
0.5992852057268407,5.720066095119236,5.746160123232739,0.008696649373409363,0.004857082144027527,0.016013828975862877,75.31568980293363,72920.24060648806,79.0,5256.742718577098,0.6044560948553335
0.27703249230875515,8.641104643686319,3.9683918672709537,0.007958166691375574,0.0037308949209027098,0.08653828314634705,74.61915065769468,208.85869391716673,86.0,39.79780151048604,0.00500087558527969
0.3353815822211911,5.1232468152831965,5.569805110285422,0.00702631617224848,0.00013024699585693236,0.08353053559367535,83.73317143641822,4068.600903383434,320.0,1738.7538180874242,0.24747836514869775
0.2054771165286649,7.767611097564133,5.193674912968314,0.0033883599675490605,0.0004792361554348532,0.02476898412469161,4.164151533927696,2498.6996659144165,463.0,366.86919575764216,0.10863059044134286
0.28319379177965726,4.565876238059561,4.5576461930418715,0.0052946114334007765,0.004412501730909518,0.0119573378132271,83.49944703055056,83.49944703055056,0.0,8.954668145143097,0.001691279569385024
0.5265618879082752,6.405367508287187,4.619701713729391,0.008869025385132736,7.926259207217428e-05,0.020404092184890824,94.36686931528195,159360.67895291417,69.0,8290.014911197495,0.9347154339071045
0.2998049715244843,4.892117440113862,4.00936244331977,0.011350984295410923,0.0032228985567904424,0.06996877694591806,29.916890838626855,29.916890838626855,0.0,4.89229003757844,0.00043100139250094107
0.5587220796990487,6.517625790752859,2.4022521085748436,0.015704510022624282,0.002297279898307929,0.05808533603624454,32.013338136530734,123501.77993205126,63.0,11944.968354616249,0.7606075157650918
0.5912378301102029,5.414445598425612,5.213315781629355,0.006167139799459368,0.004391178581466994,0.040148660447637416,31.0564223265944,44324.93021250283,94.0,3079.8671764651676,0.499399604454428
0.34019367259700073,6.733438466994922,4.207792352865239,0.013598265730949324,0.00022607633504868928,0.05838063177332867,27.01597808282283,42039.16282104148,157.0,8416.033052206087,0.6189048823374149
0.4986499728262648,7.229146491471815,5.23061124873993,0.0021357610487354474,0.004521252789199965,0.0847904630818696,89.50916645603573,23457.75282610874,103.0,748.8934672385927,0.3506447819534879
0.2659459941165273,8.484400535415741,2.049185505594908,0.003425694580130898,0.001783725811204972,0.0730984023228509,5.283925662416955,338.2703507347024,183.0,34.73210161772013,0.010138703496560124
0.4310953426240338,4.266378622858387,4.2574027451988306,0.008620133719832562,0.003303539526479783,0.00046931333905136507,35.68235929542404,9461.00204822524,134.0,1732.7735753297702,0.20101469787448106
0.4365530400867349,4.6058752174744315,5.312931881449287,0.005092183919060076,0.002583668600619077,0.02158777603376736,8.176749721698691,6157.236210401152,181.0,841.1439009032008,0.1651833308209454
0.2449086902862873,7.9611831243387154,4.4918503578454505,0.0038938504963588303,0.004453269616207451,0.056572189029032355,70.45735577989431,115.11380874227962,69.0,9.132967374904931,0.0023454848570702
0.23198816084617244,4.346970453579656,4.233874572822922,0.006059823454109033,0.004315889322541828,0.03347257135818857,54.09356315243977,54.09356315243977,0.0,1.5642034432139613,0.0002581269000754967
0.4226402343169029,9.052400331054319,6.370595599048715,0.016769258628423368,0.00022314533504910484,0.04481168162458771,35.18046770359199,125283.60598751938,104.0,15011.838207316037,0.8951998737661202
0.352585726427757,7.0145807643422255,6.865551843741046,0.01605034815653976,0.002851938730685793,0.06590344746132712,18.878371653898565,798.4329213864405,180.0,412.757179457568,0.025716400381595103
0.3239796717159002,8.492399451010582,5.479507770931924,0.016495052088908394,0.0038627467168243054,0.043457603011889195,62.44678448587739,8703.20621867284,147.0,2543.5199732782607,0.1541989658213072
0.5171658283874985,5.471295812551294,6.888062006240104,0.019138193055169506,0.004870237879738968,0.015230955270372765,97.49692200683886,32266.175052364913,103.0,8002.078070299147,0.4181208773070483
0.5890794455493416,4.374785840487449,4.145972776175288,0.019421435221157572,0.002830929685642201,0.07925133710130935,14.518214602210564,18275.15297168582,120.0,7031.767259374098,0.3620621843494723
0.2870770349071498,5.457753638400607,5.957881360805245,0.013376209134215798,0.0009536992407344121,0.010891699516744902,38.523914607047125,6697.925121033472,254.0,2916.7015610365593,0.2180514394196973
0.2012651756486989,4.7874250907372256,5.001767998977266,0.00754990003479065,0.00014922215326305653,0.024360769195670595,78.84932484912292,78.84932484912292,0.0,4.117848211717075,0.0005454176015326952
0.2970013732266072,6.570360000796871,3.463160008125957,0.003532833054045759,0.004346113462029051,0.03583592013715894,52.08067699296264,634.2631088372162,105.0,46.530591599922325,0.01317090020617757
0.26692270884097047,8.536753351422682,3.1878881768105165,0.016229529950201355,0.004144855498465797,0.08520840699691926,38.892715374347496,81.14849546812205,69.0,28.1346444211348,0.0017335464740792302
0.5383518478549212,4.3188236778117695,5.281438169773923,0.009188125182653713,0.0041084296615890685,0.03937099051788512,33.97151954787533,8504.12062313046,126.0,1808.7306284764823,0.19685524440733493
0.3503536534772521,7.054458412305288,4.10869392568985,0.012466821512970497,0.0009897481190040424,0.08921185481621698,89.12657826305077,16237.297064707707,159.0,4610.412176949683,0.3698145651762966
0.46740414304491923,6.010882949259033,4.524072585062452,0.01468102538584105,0.002967480641584013,0.045918000418658914,81.48595417953922,44303.188613736354,98.0,7675.713656983667,0.5228322583234838
0.4359962401516113,7.855325354107802,5.2704964112977954,0.012421103184563567,0.0035744017084820613,0.0649734958033249,6.0978922930590205,16923.511630333323,153.0,3393.401354930674,0.27319645481633614
0.5772488739805856,4.621906297134611,6.398036296704907,0.0037668844898636417,0.003626168787805016,0.03323184910636925,17.927425848768188,21360.008590591122,127.0,1414.86945388081,0.37560733749285496
0.44519152080036795,8.356296352933452,4.852688924423733,0.0073800498377193,0.00120773741769173,0.006396993098880333,45.75918166349217,186465.01223884002,79.0,6487.17705915556,0.8790153456687687
0.5713137985129322,7.8216124701591765,4.6961361543281175,0.005479228132236504,0.001410316531061311,0.08329551444007527,45.05386942251771,104315.1726444409,78.0,4401.0491175619945,0.8032242884118764
0.3685774656572912,6.136404979587677,2.0007178309147564,0.007365858667042861,6.273479725275889e-05,0.09662572889286233,1.354601353972565,30299.278099067396,184.0,3760.2840131543862,0.5105017871139818
0.22739505407236732,7.904949849247439,2.33707895964897,0.014606522933177709,0.00043751566397471486,0.09661793344373629,10.856014209896172,10.856014209896172,0.0,5.000025486513683,0.0003423145678474913
0.5591474509712129,5.443721739561814,5.181371527322513,0.007194388308993071,0.004399144109686326,0.032071896066751024,85.32891139585958,49464.70180285281,86.0,3798.3072036913177,0.5279541554552162
0.5138583041421629,5.663019200121905,6.9261098047327,0.016203480707464902,0.0002691528105945246,0.02122384063870618,13.077536678733122,96989.65699828029,112.0,14162.694616939812,0.8740526108328739
0.4587715472021963,6.774617148307053,3.113613713368366,0.01762698133150846,0.000792248409951335,0.011516579139565282,27.85350238832445,168999.1774433595,73.0,15407.260533763732,0.8740725507108287
0.38308745305670366,9.356918222727774,3.318271385877547,0.007632997731454144,0.004867167484096868,0.053282896291330206,12.71978217108599,24322.98797697497,121.0,2093.1401947477593,0.27422256214256735
0.2687254422967261,5.055545623023653,4.444507197537281,0.019686993624873077,0.00198518531678178,0.07890994004434199,67.53443694202893,67.53443694202893,0.0,11.89788969410594,0.0006043527986453865
0.360781662216401,5.205419690529395,6.2569651680328775,0.008361467376367539,0.002994478486854859,0.09129073706976504,88.94584291612225,98.66260776070473,82.0,31.48487587278355,0.003765472548726426
0.5036685449207683,6.5103405147702595,3.865339319330889,0.009200961386502584,0.0008252068110752823,0.009253837676346416,86.32380074543721,170631.92614367546,66.0,8227.676788451283,0.8942192497971928
0.37044192143530624,4.389393496164019,6.803713607907857,0.009089647483050654,0.0019092705587374845,0.012952814598936059,55.806790258275655,2051.1609041304027,197.0,741.4955941814075,0.08157583619924808
0.5603010103500008,9.798404211361001,6.821138703899281,0.013461312551565368,0.002644536214676529,0.07695785187865527,73.51859547709566,93270.35123408391,85.0,9939.523427744938,0.7383769888463877
0.5421760812111016,9.644832695221766,5.410416485864466,0.012335974403005991,0.0035064286014676246,0.09154830437375149,52.67876026496283,69063.43704702085,88.0,7666.400196780056,0.6214669345383804
0.5664816496958507,8.296503048401963,2.6768282926176226,0.009060902790005727,0.00030303125848943493,0.04790662081121228,24.408705609310296,224384.1576945463,57.0,8556.032808211503,0.9442803886660057
0.5233242826077817,6.283557559324267,3.230337355885349,0.014563968623640218,0.00474067418863927,0.012348841333986345,48.36083103455658,104076.24548143201,69.0,9307.829289062869,0.6390997900087753
0.33847383263396663,9.179174863906416,4.24027536152165,0.006719676059011448,0.0004599408322164272,0.04677854984415857,51.13160034209564,96409.56139346014,111.0,5237.214908089226,0.779385027209138
0.2977329046602675,5.5896055725977245,5.9908890713890095,0.015462134708946427,0.004402556407439311,0.0032346191342267406,73.87131518549933,522.8429120491805,112.0,185.16024224806304,0.011975076257803446
0.597343745322322,5.570237186438176,6.629736683094194,0.007720404301315647,0.004029512880467961,0.059746451906215185,39.51984231597974,30556.320512591068,108.0,3472.386935603341,0.44976749922430964
0.5699575314199539,6.5262449207155395,4.066504255818927,0.009812964431077379,0.004714840963165171,0.09775385111845634,24.550212307828932,25301.396630489522,99.0,3516.8213760804033,0.3583852158826475
0.39415023466390686,8.388689470208309,3.0644481416159595,0.015999555317401295,0.0019304259287178588,0.009430411437762564,65.33954090568878,168850.82730618888,74.0,12914.323579275037,0.8071676570428973
0.3572364266156787,8.081923846032105,4.73090756261197,0.017507914415805324,0.0015798083481242573,0.020720647395179318,46.052622959577604,92319.90094237309,109.0,12377.800108267464,0.7069831285611822
0.41809973367321884,4.597559445314984,2.8293852444305476,0.008227138584221668,0.0030565644760987836,0.036799446753356314,67.36620198300997,9074.332424848506,116.0,1586.5373803559874,0.19284194183852837
0.5102306400679677,5.2313097680536975,5.576780031107075,0.019009718464914574,0.0020060235629512937,0.050773770831908864,1.9477531252538012,26596.761779122855,162.0,8557.282581285926,0.45015304130251743
0.36361518285272565,4.202379021489759,2.492217212095424,0.011294769604751564,0.0011541092829720596,0.06269226969321366,64.01703954855941,525.8285118871237,153.0,295.4720164971614,0.026160074692702154
0.3386122600959043,8.992163385056894,4.141103731008108,0.01983766957854402,0.00209781301538726,0.09553703010050968,89.63938469896986,11236.903633452624,149.0,4845.067985895677,0.24423574385652613
0.31389117405909517,4.396298667012695,6.11477156462183,0.011576006185366743,0.0034150758097050114,0.027543589231072436,63.38078197820481,63.38078197820481,0.0,18.44068121643919,0.0015930089290855827
0.2938252548845387,4.751801286252906,3.537769966882272,0.019303278102002497,0.0014388302096689063,0.0514258052709009,19.374704241626542,19.497939171720798,82.0,15.602389719170427,0.0008082766894163874
0.38357512765082,9.448584813678561,6.082730338319157,0.01907945336644959,0.002909348709800818,0.0892659483256559,98.72233877008381,17493.01748536799,138.0,6055.092068497495,0.3173619260573314
0.4530287600899031,4.072960304366094,6.29879516052739,0.012664885265310354,0.0015493482510718505,0.07041402817832025,44.32046243511452,1353.582932728179,203.0,923.1283301478204,0.072888803240357
0.526334359589471,7.564340808729257,4.228601010685441,0.01727920110087919,0.0008606871631199903,0.05492497634567639,31.092721221606308,133935.80810140108,77.0,14849.655368738811,0.8593947881064511
0.3920704207273832,9.54972668668133,2.32728402560258,0.005793835158793807,0.004979560286891055,0.05373281678778977,26.854573411391303,51542.00943050469,92.0,2435.085328480821,0.4202890247550246
0.42017482072889306,7.146977205498718,2.279859343808747,0.013544281081912465,0.0011808631214700789,0.08028968058506873,30.13184439037589,65650.2611970862,93.0,8589.822810555503,0.6342029347003625
0.25136399466995313,4.560747696704209,4.092639548794434,0.011082555692416039,0.0019195834256621233,0.07202981928987999,56.09529317842684,56.09529317842684,0.0,3.363549183961369,0.000303499416318124
0.37417439214851483,8.595108453263979,2.1009218598073565,0.004108028982664309,5.1455231051326585e-05,0.09190241471609606,81.70016722581695,80303.33555692509,88.0,2983.554703058318,0.7262740150200448
0.28124751871195147,4.110121997670421,4.416494624808755,0.01381615623323324,0.0009567579371823581,0.07540462562767852,71.34500876840232,71.34500876840232,0.0,6.588278817846939,0.0004768532366476535
0.3408957766986857,6.468045805749192,3.8585001377769856,0.018258702019396902,0.0005603835827485773,0.014184573613491125,21.927649723566283,78341.88360039589,125.0,13147.698386700064,0.7200784794413514
0.3538894834750993,8.89479818056699,6.838281054728084,0.013068102164605182,0.0017308762762047942,0.08751253208739605,32.636288833323064,11697.603722279579,198.0,3731.112393210898,0.2855129494869038
0.39266337657885764,9.94947660572717,2.4592680782277405,0.015426161647740428,0.00421779500955304,0.08688337239719751,77.56109158017442,36814.19232497872,91.0,5997.127181825943,0.3887634084726707
0.3163279817799081,8.379595554367274,6.564677005814343,0.017176271833603214,0.0007726720169506942,0.09518601038439023,1.757721076877872,2914.0948605059193,383.0,2321.0850023654284,0.13514617174838253
0.48260405532775935,8.475918328975954,5.985734480998152,0.01796164153709435,0.00018757552564629146,0.0657375690887896,99.2389896738453,114642.3395915104,87.0,16039.381419155205,0.8929797082316039
0.46161252706473027,4.882564010164193,6.52489101424147,0.006786462144873736,0.003535398687324811,0.006562695202800235,44.26518050609448,18128.3852176089,134.0,2181.29539510675,0.32141863441387236
0.34701269832567433,6.85224831515652,2.9692900272026996,0.0037049515106209584,0.0031291311294198492,0.02134846845037408,69.66192329417595,41421.24689122214,106.0,1611.038707418582,0.4348339520234547
0.4376276412339182,7.130706443174898,6.207478431549646,0.010974567963710633,0.004019297382516282,0.02946834156665003,58.89499458134875,40155.43113380941,114.0,4951.354302822414,0.4511662162187138
0.2724606584557795,6.876699634357684,4.287761067732296,0.0021227640120369097,0.004355696327799208,0.01569625578022657,69.32304675059294,1150.5110371197336,119.0,47.045244100877284,0.022162258185136105
0.4088383659431809,8.513044049553143,4.777115665034813,0.01568449698091221,0.003826882241621537,0.0384384330846374,29.597605423211906,53009.46903968587,111.0,7648.803289968228,0.48766647086461873
0.5025156576848117,9.552306093737158,3.425978057244082,0.003916112878383335,0.004016437373539032,0.07356587659003153,79.91991234229315,96465.09891067083,71.0,2548.696821567619,0.6508231250524569
0.4824004148532314,4.420079441947066,5.721069316197134,0.014961477219826096,0.0047995418858906725,0.060552163916373414,85.47827831599767,1022.1592406150804,106.0,462.7750330032138,0.030931105679188546
0.49029055492132667,9.995030872984696,3.2819922327720237,0.018223266646901784,0.0005212682007279093,0.04462717082531828,2.195009770641846,212853.24601628713,82.0,16776.635293055664,0.9206162439546981
0.5897316407744351,7.38345800324668,4.454909322737698,0.009744605571893827,0.0015242272984102322,0.09911022510788843,50.19562816089516,88449.37167885389,78.0,7494.6992232303965,0.7691126303610689
0.27604270255472635,6.1162333432619675,6.991179204477529,0.01929862525932622,0.0041395639591180235,0.0832293570570443,26.890188020803887,26.890188020803887,0.0,5.5467386537983945,0.0002874162578558745
0.36306723828218396,4.822447769435885,3.2317233354780472,0.0036638764559734924,0.0008177463234187117,0.08161385454265538,51.01653363375872,1809.7040217616739,212.0,337.5189032225224,0.09212071076994457
0.5482928669870055,8.33367593725426,3.1792553805146193,0.004242854656262802,0.0011360724698874058,0.08192426517778209,74.30274147702809,137752.0899918619,63.0,3580.035841997807,0.8437799858907219
0.5410086548375941,5.628536022708294,3.9396966797798862,0.005603761862448467,0.003042169320520666,0.013873317839479208,91.67564067799819,103985.66834020898,69.0,4038.476759779671,0.7206724444951932
0.24014327248780187,6.308105936606615,2.2038391307647345,0.019396907666622276,0.0029745490752059248,0.08799853057904487,83.65141584407574,83.65141584407574,0.0,13.679636464389894,0.0007052483158400281
0.23681077994873226,8.001036531653018,3.790738387036521,0.01712821629096324,0.002293358933802165,0.06650368945169474,28.412536455681305,52.79553568588372,94.0,25.668356878706458,0.0014986006973912909
0.2856651140045615,5.809536959833135,5.418735448461712,0.013585379920275222,0.0028627483412679484,0.06874149132193225,34.31560618598102,34.31560618598102,0.0,11.269782472831173,0.0008295522494745866
0.23207540424983494,7.202366422995005,3.3638176531298996,0.013154160769372024,0.0018284000632819391,0.08815070975229593,44.63256006421392,44.63256006421392,0.0,7.578292042041721,0.0005761136856170173
0.46976865270900414,7.215150946721415,2.643755834505866,0.005044883069789478,0.0010830644385990541,0.03749944747345931,19.891329243598847,147334.54114891312,74.0,4178.173076200512,0.8282001819270856
0.37595666861856414,7.669342203154402,3.502015933139848,0.006568390813887434,0.00292180214782019,0.08119453986274815,99.94344032331125,16884.781395058548,118.0,1894.0487658913692,0.28835811076996415
0.45829019290447076,5.768587735053958,6.965950356476443,0.018933601625296156,0.003094030079206691,0.018804498295075262,88.54520176496632,38316.40311343338,116.0,9511.69650360325,0.5023712176818601
0.35564533249019364,4.206885633525409,2.9487553988944084,0.010086547727646632,0.002402501426097847,0.013475223560590055,37.00101747850626,940.2824353969385,138.0,303.52782173756754,0.030092339810737837
0.44945207075293225,4.158177754968609,6.249720389525989,0.015281546744897928,0.0021361749927039323,0.011799194151679352,77.74149193924777,13281.184559469068,149.0,4967.347320302936,0.3250552711204693
0.24791169028936438,5.580712101978251,6.7005123720770285,0.010776100378726094,0.004951271920171189,0.060196946468298554,72.7530327048648,72.7530327048648,0.0,5.467963976802463,0.0005074158354720956
0.4594477653330829,5.6016253012552415,3.6416036365851445,0.018643094565205638,0.002457640792056129,0.05612198344844902,39.626058225234885,34235.43973129144,108.0,8735.126884234027,0.4685449002944374
0.24977804174397117,7.894661165919234,6.850765443438298,0.0038150462553514725,0.00396152220322835,0.0025661286982527265,29.32627396596466,1130.202512674397,165.0,82.69380883616631,0.021675702809676105
0.28208634101360763,8.050797146504193,5.098696347586677,0.013295267173770758,0.0008216844151072314,0.013005763346720496,80.806122683456,71080.82164782395,136.0,9041.835733308311,0.6800792804785682
0.3546819481027286,7.996037019622837,3.716046954655287,0.018321041661186088,0.0036915637929335427,0.048648328813945485,19.64733685775065,14543.887043229823,140.0,4058.214276132139,0.22150565187183854
0.4208757738328003,7.356736886775887,3.663720277446126,0.017208437334525914,0.0032925137563984924,0.0751905008025821,53.59704552229133,26284.717215615125,111.0,6361.704237400553,0.3696851790625318
0.5198142963595491,4.873776159581944,5.266200098452163,0.01534749990597443,0.003941785713160029,0.025405200015261753,37.61813691564649,25089.759089588875,112.0,5827.291389850242,0.3796899446522761
0.41883707618158217,9.890712998244299,4.572844660815479,0.014089775891213813,0.0012454218359841602,0.023276240719695685,34.45152465939571,179327.52767483453,84.0,12155.32927328437,0.8627056503336042
0.4321144672045378,5.890561773178426,6.350563705891596,0.018063391917305882,0.0044739112658144465,0.0006295975702692405,10.930288571352666,16907.086501784295,148.0,4531.205161572094,0.2508501826409981
0.586791787416175,4.245333314524101,6.784204860413866,0.013998412097816255,0.00068643536068031,0.056939021989265294,82.06558217544195,42154.721498804625,111.0,9914.567235368133,0.7082637063467213
0.5816754946098766,7.729960787922051,2.6316225084279976,0.017918918215991807,0.0017391450138038672,0.06115398115193335,61.0521393961069,170015.89772863616,54.0,15279.443280870044,0.8526989797427518
0.5734316475403474,9.154255839269233,4.765788340940523,0.008197815188205764,0.0010457853111922662,0.015782066233526505,95.0463949026337,249832.27105053532,58.0,7693.053125613378,0.9384272454301482
0.20929997452887314,6.2176102770916195,2.751224851703551,0.006898835281731712,0.004748840821168966,0.06984597356206289,97.3570641898739,97.3570641898739,0.0,3.4929200549376014,0.0005063057621026173
0.4686958960999073,5.888220012632004,5.165697889973213,0.01799308046020387,0.0014785222508604124,0.04280534792424756,49.45673674453495,60323.64660018131,106.0,12045.701391462908,0.6694629870691096
0.2339364050263673,4.803396212319312,2.903328550566841,0.01990387678126273,0.0031353052794854874,0.0823556900635195,70.26614973772693,70.26614973772693,0.0,5.764412601638687,0.00028961255462881734
0.5573290046808419,5.707010293236289,3.694954202246051,0.016555044537680835,0.0012989142413734657,0.03273904660430462,88.35117376665018,122360.60288142283,66.0,13691.285642352796,0.8270159353054074
0.2809365032250997,6.452984111839456,4.597138553591508,0.010220746048723625,0.0035886482775202423,0.017989560025611705,20.059628013924144,371.00516425883296,136.0,87.36917351681332,0.00854821879932376
0.21096311201139703,6.834203330820844,3.2626653317407186,0.018138504230263273,0.0005734277406783435,0.024652182713642633,73.90207661319987,1979.8123332975729,281.0,1536.2080604257046,0.08469419214058638
0.49161611452006443,8.45985517299733,3.2578021140918105,0.003552692779986124,5.931246376009652e-05,0.01628527169873303,74.70514760458263,250607.5892408621,58.0,3439.883362606555,0.9682467850822696
0.5335781833711641,5.781211102400285,3.3608185668815604,0.013188443973193683,0.0016543848726044022,0.08687116456334101,24.135154650691703,56561.77962675244,92.0,8316.815671916622,0.6306138683851611
0.5216267156031051,5.971897340233351,4.434634235713414,0.01491877012607016,0.0031518454410165452,0.08078817586098462,5.004529352468671,19388.61354742882,137.0,4984.708590348964,0.33412329221685083
0.22835267717525207,8.139170827835471,5.117489295107893,0.0043439393880801095,9.639652868324144e-05,0.014360957961411434,38.78448714017234,50937.61976760516,200.0,2818.777639503276,0.6488989343305954
0.3180290841614317,4.5073092744439105,3.6295601598589196,0.005060442318575085,0.0028053940233479747,0.08980198708451216,44.1210591058012,44.1210591058012,0.0,2.443966665773315,0.0004829551473795858
0.35905318706396316,8.566025997537388,2.628161885895875,0.011665065376922456,0.0025135566950744877,0.037125499342689924,11.677381180531212,73872.49936303879,108.0,6669.868764975198,0.5717815159587966
0.4190603392205751,5.037832897557887,6.57882699013275,0.009517695748403993,0.004902093084446336,0.03631055832809378,96.38612070226198,1375.1810402141784,115.0,346.61168736840557,0.03641760532495799
0.3718482022449613,8.922011009724791,6.409492922986031,0.014058360049426979,0.004154033042636583,0.05188608867019842,11.048793022921728,6544.3369627719085,170.0,1718.7011279982082,0.12225473824510998
0.30302031354820647,9.040348266590449,2.816087165304904,0.005316273736170574,0.00432735282299212,0.03992067872805888,6.930832483996757,3867.4241971998104,150.0,329.3935582684283,0.061959480383283985
0.44632298592931174,8.466606990379846,5.942981402458785,0.005727787104385051,0.000920154762228663,0.054749183256749025,46.25231604890984,98429.37295498146,101.0,4608.387875225468,0.8045668931544945
0.24915396838967543,4.46804379085352,3.3013067145024815,0.0036819454821813754,0.0034098160102025645,0.046122943665425575,69.4944321428324,69.4944321428324,0.0,1.5752658700205409,0.00042783519681211353
0.5449022585772909,9.467666355848259,2.9600548006977236,0.006267479103536685,0.004759010545758037,0.020028500203592807,34.91568800632386,203247.78987535587,58.0,4741.520710243549,0.7565275658546583
0.3325925327373718,5.6459675789208426,6.2689332333842325,0.018674549432504045,0.003367902862056606,0.0670178797046579,42.775819692206944,79.36787430230689,94.0,48.64684967611131,0.0026049811724741753
0.41414589752347797,6.051373899081181,6.713741601808797,0.012148050938004924,0.0016134570259755687,0.008001374508818725,94.76050739528705,66094.764646461,112.0,8298.903867785157,0.6831469435003974
0.2380290768992111,7.75367106603158,4.152918131561778,0.011233676274360477,0.0003811139588153703,0.047317965001198135,16.023951033747526,9696.443094133241,307.0,3218.1335663238424,0.2864726097745155
0.5002450593106782,7.657982421957969,4.467780046325339,0.0022080311455305573,0.004675375754755764,0.016393071245242263,57.743567635240794,109750.16602755417,76.0,1431.9917539390335,0.6485378418858069
0.41276228402746584,6.71301038507341,2.6166042666252283,0.01802361454368557,0.0017773501521298025,0.060252121256140316,96.61668552501582,62372.229393919886,86.0,10950.752600910306,0.6075780512487052
0.5075131035787193,8.906529014958538,3.5902913218464,0.003236375879541437,0.00461708446834932,0.06539881424351028,89.2626127299292,88430.10290757018,71.0,1993.5004237517264,0.6159669018526328
0.2730583207357674,4.531041598961654,2.6671237128068257,0.018730478708685293,0.004754544046458953,0.03213182963421466,12.292457785581194,12.292457785581194,0.0,2.555193017658749,0.00013641899160184897
0.545442359927361,9.467422944508794,2.5974834809783642,0.006653502933178472,0.004998420675507312,0.0806105745826542,24.83553273503661,97431.84807411421,68.0,4063.7886593869034,0.6107743094426753
0.3476341701387329,4.3798608069939675,5.288626237390849,0.0032622940154963948,0.001808504329779722,0.04669452745131041,18.295772463093055,47.096301135215306,131.0,7.242875797800994,0.002220178734165665
0.28635274805185656,9.694857164388303,4.799309065350728,0.018349183404207943,0.0021884893939191,0.00025532870396287403,54.85416698457828,105852.76398621121,118.0,12235.28976105288,0.6668029574682326
0.40109658094023903,9.130684457799612,3.5139814971829435,0.015930552958005082,0.0024147702973817613,0.05916219998648945,33.14523054198269,76102.70510897615,98.0,9886.05152034409,0.6205717746524498
0.3598448866162187,7.329644059947902,6.432038719492787,0.00377846680897013,0.003947091757331914,0.03295972195769064,56.60122582251738,10480.361432751364,148.0,710.3581751488509,0.18800169779510903
0.5486841422975318,7.0060125309446395,2.2186189672622643,0.002326058486110616,0.0009138947091339303,0.02089495785466838,51.640439570766524,227306.36510096188,51.0,2128.732635969259,0.9151672877876315
0.48902417459061526,4.413036842454776,5.306979778470968,0.01710322468823889,0.0013801056835469562,0.034841757663132154,12.92709934340428,27847.14799476323,147.0,8652.396028459929,0.5058926714802371
0.4635646038312199,9.493935465188695,2.41725184671318,0.006078053078429292,0.0014603797827674424,0.020329348200725544,28.793147866711056,245378.30612170842,61.0,5409.868636106923,0.8900660402763332
0.36047330044996784,4.514655406210936,4.678490518632746,0.008972893575451182,0.00244360960779533,0.01870943885663968,41.566620416596436,1114.1886612545022,157.0,339.96570146808557,0.03788807909169838
0.23895976831967644,7.424006782399207,3.4747055019679407,0.010547697477190341,0.0034046919936728853,0.0055877839020414205,57.05224105241051,2645.675198127984,148.0,511.175397194082,0.0484632213143684
0.5223415275572099,7.232759809661986,2.4392361414981085,0.006409884425836849,0.0038517352761142966,0.030920555610715918,78.43656026676861,145664.7806048212,57.0,4731.211085217094,0.7381117616015979
0.2918763952119159,4.284098822995642,5.057860465951588,0.0172435217236785,0.003687193961193608,0.0029965809936814388,25.86849738257356,25.86849738257356,0.0,11.319976754822482,0.0006564770779554895
0.5564005428347948,9.098874639174605,5.306107202964001,0.016192452827405564,0.0007554448924006424,0.002116291296761566,6.49733682754042,264324.3697440705,76.0,15277.979716356716,0.9435247321208112
0.379266451108746,7.987410299782448,4.473293966648946,0.014161189168438245,0.00016756958688363463,0.048081020908012084,15.446531123235031,98820.03852195007,118.0,11621.456981130545,0.8206554437555217
0.5926559025737865,8.113639521395587,5.637815081045912,0.013701299972507235,0.004372784367264826,0.02926263179264394,60.45521047827802,126142.60776070804,71.0,9805.448014300977,0.7156582246922849
0.4520745134620743,7.760848335063557,6.110376650307734,0.01020927000307795,0.004831140681002794,0.06959925161769658,78.51298925253452,16180.736822022258,118.0,2675.731227451916,0.26208839874400597
0.4517450578818241,5.256130580117231,5.871324379537668,0.004566363103789408,0.00472888075296896,0.0043287247293356075,10.46968718606611,8044.116313596182,148.0,682.9611244436929,0.14956347292595643
0.3919912059050501,4.101101500431427,5.131107965060005,0.004681516298720356,0.0016783279418313049,0.09395713820276655,32.41193779714834,32.41193779714834,0.0,7.278674986985516,0.001554768695128774
0.3425507542834948,5.962121548594371,5.884074551807262,0.005511725670939074,0.0017640346919736924,0.0036959535162872613,86.40380927568518,36745.882862285485,140.0,2781.401805213237,0.5046335705491222
0.29554874643925666,7.615261024647319,2.5687726503011925,0.0045384604085048335,0.002769894842218461,0.06291510104141648,45.06148016587625,2188.204680719475,140.0,233.92647518229455,0.05154313448321119
0.42314246827871493,4.1218324186469335,6.3048275309142925,0.019985692900462364,0.0029173267629620746,0.08511488008724402,44.4960365294463,56.461175337880086,89.0,50.1939175441768,0.0025114924858579963
0.49421357914882263,5.512049277059826,3.560799913778771,0.01504913328575154,0.0005010394382265887,0.09606414987823153,33.33747523325434,48550.80337943021,106.0,9909.76198701597,0.6584938679756723
0.2525345479749711,6.062776635145969,6.687667471278351,0.010908160310190327,0.002116505110516823,0.019025420199864113,43.75596305302766,166.69345812792355,151.0,62.05332179117928,0.005688706438730815
0.5434880214219392,8.06251462290179,2.283410546804727,0.009402229529887172,0.003764998197673641,0.09764164444399337,20.462370081688622,78400.60052862759,72.0,5637.6591634326105,0.5996087572114687
0.4256464665259547,6.106352419610456,5.917530293407941,0.0034834157124174403,0.00294810932300433,0.09804521756665732,83.01625060878793,2453.031087783412,146.0,284.19145010496936,0.0815841328073198
0.5855096752301842,4.139835535923281,5.382986313716749,0.013728319417885142,0.0015681192087545225,0.05480782347537534,79.24172923951325,36259.035118727414,103.0,8201.832820537755,0.5974389559913996
0.4102043166051329,6.438726753518934,3.2929190566607796,0.01992953405810271,0.004246620110671321,0.07758807000536778,84.10809350780261,6902.307781846533,109.0,2745.5161687179584,0.13776118200825277
0.41311876146248216,5.796589314298698,5.995097841331889,0.017159235011050607,0.0009392480225249032,0.044928335912068434,3.160639608604656,33105.04758531633,187.0,9419.362896731003,0.5489383932713143
0.43004718268753356,9.274990234970051,3.8043474503315258,0.01765672640847002,0.0025569574130148913,0.026675692437007445,55.44090604330917,148824.5887102869,77.0,13568.127141029248,0.7684395638888403
0.5941615898697025,9.315814807685417,4.25552734550331,0.01025124509872486,0.0012611279162139811,0.056250390168567026,70.94098943818707,188422.42751186743,60.0,9248.350410805833,0.9021684997031446
0.4319846891781176,7.4733593123157265,3.0555255033061344,0.01938439260479983,0.0022112009778617625,0.019797696611796565,34.1383212147566,132423.43520360798,78.0,14607.553916407038,0.7535729498581252
0.294768781677798,9.370842465845215,2.361101520747001,0.007236437443260062,0.0021416708083864667,0.03696711720517329,25.582860957107066,55892.15580528188,121.0,3648.7928218253637,0.5042250210044754
0.30160506177792834,8.580420027778409,6.287011861204427,0.005240954089834881,0.003068465232397904,0.03101864649091586,77.4129356994494,15610.4734237189,159.0,1329.6429211818233,0.2537024553908489
0.49800443016006707,5.479528597684349,4.38634975931291,0.007983574085591947,0.003172213510496513,0.07636723341282559,53.83951665101842,18807.037945456716,114.0,2730.180524237981,0.3419747214678162
0.26080090169291603,8.611558029096255,6.696800447256068,0.010272616185492868,0.0027373132953531776,0.06530090005760526,88.13267646010398,349.2634988266448,133.0,106.1567547265645,0.01033395512980235
0.20580029048543994,9.57135510247154,6.444040959024192,0.01127026381693303,0.0031679244543916262,0.047786672181971745,8.026500169302231,13.840219617479441,98.0,3.6401350554307887,0.00032298578937980753
0.3298088764842216,5.850288544856197,3.412052445648335,0.007801202803870604,0.0004134860441409875,0.030143147469081845,59.74777952880982,42788.315151685834,135.0,4580.9113420938875,0.5872057754761926
0.2913619017629071,4.2915598385823035,5.561966506791511,0.016351290560909684,0.0027464164316989,0.015005236177754712,51.42624381706978,51.42624381706978,0.0,19.681942483714984,0.0012036935195052828
0.20769548636455096,7.450121946792583,4.940505165826585,0.0167580767378604,0.0024120341616841044,0.00308053212313882,81.02552437073943,1079.3879821858018,167.0,426.1234163007072,0.02542794277449487
0.31563573690705393,6.894131226211372,6.724083466951825,0.018857534315132186,0.0024453708109660843,0.04890912770162053,19.775053419787973,769.54471419193,194.0,473.6736568899355,0.025118536123276032
0.3398768653890164,9.761768533167064,3.4328601375615664,0.004003578097920423,0.0013518425305078538,0.045472620291140624,9.845258191907176,88958.96254632316,121.0,2715.5010400770752,0.6782685322131194
0.34848672972792244,5.197501610841523,5.202663142505013,0.011032201926066604,0.004770458539840595,0.00448622267643694,12.24921040963439,267.2200701371767,121.0,67.13930930109659,0.006085757834296141
0.24419271489174124,8.299263796054703,3.397345362608146,0.008128010834458823,0.003316111054866156,0.048163560010038076,8.261348638799758,58.729927000490314,114.0,10.586940515661452,0.0013025253941318542
0.4681895373179959,7.192520994161804,5.295953106119821,0.017359127550388986,0.004778879128309626,0.07646373234847725,67.83240868372621,14775.591032054732,114.0,4331.095461669983,0.24949960469487623
0.5142400656449744,8.835586671197326,2.7233399576080624,0.006216426334470015,0.0032013733519879566,0.02806371372304723,13.456809924287851,183995.96999317672,66.0,4842.033149080858,0.7789094390505107
0.2146390197260883,7.604067220481058,4.535317305963874,0.004604748365131583,0.002090465217531865,0.001167503286233121,72.87339363375125,4627.94259827208,197.0,457.94529116343506,0.09945066588980206
0.5379622578496455,7.708297739536215,3.493711204981414,0.0022740952340172473,0.004590815280106223,0.03590222602127339,87.70484613129891,122591.06432607282,63.0,1571.758873586375,0.6911578943902987
0.47551784636375366,4.050176830977877,4.651221956686086,0.008582359117788381,0.002786449672051578,0.028304092584870596,72.54331040947787,9780.944499433366,129.0,2071.489438283345,0.2413659705744348
0.223676508919757,4.981641258687665,4.430731159691036,0.012529814068355112,0.003229762140496867,0.026773394976221717,80.31346228511157,80.31346228511157,0.0,7.540038172517844,0.0006017677621857702
0.39833565167555635,5.386943423516676,6.552686574455854,0.013002925367169625,0.0019531013846182247,0.025641508669377106,57.10782684089118,19661.294898246968,157.0,5067.477269211126,0.3897182461729517
0.4053748333002942,9.739890582038761,5.4422507808328735,0.01310960990109779,0.004734003385296801,0.01915700258212384,63.28103268816781,87202.98134464325,96.0,7404.202444317772,0.5647919732300941
0.3338001006223573,6.572750713718589,4.5268918663418525,0.003496360183961698,0.002183134481582605,0.04380321136628393,78.30268340821806,12562.907518490087,153.0,901.6790084254544,0.2578907666783262
0.38192437809370605,5.287906131506013,4.405327896954233,0.007995142304215525,0.0034948470082072046,0.09181920439472777,80.82653745530456,230.69150520466067,88.0,60.10490682522155,0.007517678177351596
0.42753294653681806,4.08681940971679,2.9258258690153442,0.006596552436905965,0.0006552703846647074,0.08999981734638539,6.991874933894567,2479.532903665316,252.0,859.7393328508687,0.13033161515939506
0.41370413478380075,9.4356900415392,6.982029172367268,0.00443120583811709,0.0027204405556366202,0.0770115172580109,71.79488643839642,33629.21037737318,131.0,2083.8070478231566,0.4702573348992969
0.2298473075370436,6.089083166784908,5.445183556170983,0.002550484146392117,0.0025678494888844022,0.07967448027854834,91.38563698238761,91.38563698238761,0.0,1.5580993113798738,0.0006109033508731816
0.5374789642381488,4.091889456188752,2.529455916382533,0.01861830893881586,0.0019429055243064927,0.06974411413040608,46.550433365341114,28846.868668986193,93.0,8551.891892575795,0.4593269947705417
0.25619756217329154,9.117610932432633,4.189168041119707,0.00879352659010468,0.004672277436160928,0.06779582657269577,90.46876992252712,261.77429932989025,80.0,45.48393433611632,0.005172433820499188
0.2922965826134788,8.41944388139257,6.335799512416674,0.0026514039917063443,0.00418594374383947,0.0740768711394005,84.70209903762016,289.4856011391547,101.0,19.043875657349474,0.007182562791984637
0.4676829454123622,7.957469965248431,2.409926057589068,0.013913960041900786,0.003242718958477521,0.08458390678804331,76.79908373705904,68633.94211196595,74.0,8104.022412073714,0.5824382409945918
0.4065199400178159,6.717395490745155,5.140717087728957,0.002812930730381729,0.00346141586035845,0.03192508021708048,54.98214574995611,31894.43486960395,119.0,1144.2138984993724,0.4067693122127111
0.5674814613149173,6.433812317765477,5.6027637938194434,0.008245198235377067,0.004301620346160322,0.008140338229523949,9.213488284067772,86037.0227603985,94.0,5022.422117396488,0.6091329734010698
0.2570818393337687,9.000902827723385,3.1288516091807117,0.01638459934703184,0.002332854582669146,0.06244533421929167,64.8690511320727,1972.2710691992531,156.0,799.5424199241678,0.04879841142218748
0.27272417858639064,6.790987276182663,3.4530663386122797,0.0064154588164580745,0.0021251108881977046,0.09956134453927268,57.39700124668554,57.39700124668554,0.0,8.262658564633355,0.001287929484238371
0.48353487428448294,5.077627413036103,5.427703446119824,0.0031197394775661236,0.0009269828132178133,0.05778973708794116,46.99337034312246,40275.47203136463,122.0,1948.8713800892974,0.6246904249869346
0.3198936340122936,6.2252196367720725,5.472627663311293,0.011524665073665983,0.003124766774278231,0.09433870331124232,70.36859872737553,78.17591755352328,74.0,29.330051358922752,0.0025449808017364664
0.5394934384947006,9.724022249770918,3.8812193396597356,0.010920943246422884,0.0011985111526188314,0.08786249849666866,80.50836299081388,135752.4552226183,67.0,9253.665020601822,0.84733203092442
0.5507119265025358,7.312256527388522,3.340613992015216,0.01947671518318813,0.0003506306840542421,0.07238710689494463,33.02837399981353,139973.90548096513,69.0,17239.03493530446,0.8851099773839097
0.28415813542352675,9.576296328849438,3.4415361368241513,0.013973333447936729,0.004468571661958923,0.03513145291931135,6.769679135449677,1986.6262610359827,155.0,452.2148663623807,0.032362704865470264
0.5874059079691654,6.612187640196234,3.109909347219024,0.016919116068389053,0.0033319564857684117,0.005141892509112975,15.219704198538436,178758.59355304658,63.0,13347.690435384742,0.7889118072972503
0.2517490756148427,7.409503021959382,5.050922143123957,0.009030823659047973,0.0023073871975206987,0.06198816460018034,23.74052788588617,48.20177335172266,109.0,13.65002634544638,0.0015114929557693663
0.37248310384390226,4.260200656235589,3.214384588838782,0.006292160458900577,0.0030756095741851473,0.002832618149184579,24.754116802839782,1538.3206609145561,138.0,264.0632094117486,0.04196701770982612
0.47613784327479564,6.364469489253005,3.508501399526801,0.005832211452015067,0.004343135364738663,0.0806639084837459,19.250245440444615,11976.770459390387,117.0,1229.1841708708625,0.21075781990829054
0.20390693351110453,6.355651585440867,6.104714235863215,0.0064799665554102276,0.003525182872820663,0.03767741090159174,68.17099521939078,68.17099521939078,0.0,3.7119370834155743,0.0005728327533290137
0.44384867064761585,8.172150496931373,6.636269732503882,0.0076714117108411155,0.0008763934007286235,0.008510597089831207,92.37272599770836,159339.80461178493,86.0,6842.945593626761,0.8920060415942
0.5580236043659492,6.389661230751235,3.244256109949637,0.018268928809608072,0.00011549430258636837,0.028159691695382617,29.751292546903706,183684.45304748224,63.0,17104.10117675485,0.9362399599345658
0.5059270862946162,8.023150104779322,5.219033809458484,0.01284482130530132,0.0029418712565096984,0.0719003347088563,40.386418353435616,63475.38797857526,97.0,7862.519783027276,0.612115933429315
0.24897081779499922,9.636765466043947,6.023615618256353,0.014340845402580462,0.003003970157352024,0.08172124147365599,39.30463277332257,75.37466636502371,100.0,29.760831163553785,0.0020752494241517076
0.33306599215241633,7.1737868014153285,6.358107761737514,0.012015163267080579,0.0024358172205114453,0.014835810407579936,15.06210759413932,23734.329808177237,178.0,4265.828471332778,0.35503707910656646
0.5503469059848569,6.659403386547455,6.309559961402881,0.01924380408567665,0.002977431988554197,0.07021886509924496,26.08623308042305,44309.68700895865,111.0,10616.399594009215,0.55167884409669
0.3621951094411236,9.675222620177845,3.1199294641751343,0.019969644798917968,0.0037948987637734283,0.001534869907276793,22.672946617934482,144252.89601042715,89.0,13287.923258793253,0.6654060897223975
0.21572393111709742,5.081111603669413,5.111929842043324,0.008731146482018509,0.004632777489691168,0.09485224265128449,65.39678189783798,65.39678189783798,0.0,1.7903888105206265,0.00020505769937634996
0.35084313792597316,8.367131959785432,2.081829629412704,0.014642105597484013,0.004817579034204815,0.06261027619619895,42.3121654565617,12005.341144165868,107.0,2446.4587034959054,0.16708380411600718
0.5709127196101841,4.115672285758612,2.8227937161159424,0.016943046910583175,0.003113452266846098,0.042603678079590444,82.46464713096098,42515.015277545455,76.0,8791.69007799149,0.5188966379181723
0.549412104822323,6.3961330136551595,3.9875601469346895,0.008986017194491188,0.0017747180882804387,0.05827824562839815,50.98787313816902,97056.99533818288,76.0,6819.5419674270715,0.7589059557562124
0.42846292781629564,8.95940542712388,6.745745478387635,0.006377063514837695,0.0006803873186246285,0.005731121321290169,1.1497896791406141,174824.005919203,124.0,5683.992344095308,0.8913181326907293
0.2246776690144383,4.275658331581539,2.093533513759259,0.017821417742956674,0.003927410389320832,0.02424718843149527,66.31909789154231,66.31909789154231,0.0,5.9054901569112035,0.0003313703905092037
0.5225846342271145,9.088874268799964,6.741963425826023,0.012756113792308878,0.004429661612459743,0.055761246001431855,33.64633796750188,62013.028551976466,101.0,6999.206600386612,0.5486942743178309
0.20300797335369872,5.224934335292721,6.127345431600159,0.004412842818928692,0.0026308904748469654,0.05257586325007451,86.15742106448965,86.15742106448965,0.0,1.6449497334488075,0.0003727641796786573
0.555948943176201,9.647500669219163,3.850370163713289,0.011468954897331756,0.004381535288626836,0.038002158775420826,20.60825632629701,153802.54615788348,69.0,8252.337407343868,0.719537000643692
0.35868502923449275,4.210460454732692,6.087665428912153,0.012035121335356403,0.0006189377543632535,0.04995910451834536,76.69480653002272,1180.0240546507134,278.0,1018.1794403843206,0.08460153669688815
0.32710368239218524,7.111295326173978,4.004639169948078,0.015666269985653826,0.0014232116007427478,0.02984715280253073,16.484435261024913,41607.27157503472,150.0,8017.725008830056,0.5117826397842099
0.3935137036549992,5.139696488702291,4.497256326368177,0.0032557164838192118,0.004094617019430257,0.04397365134143552,33.7320300319655,798.9926141175351,120.0,69.56209473781905,0.021366140167161405
0.3145419508202434,9.232107099882128,6.174007114074839,0.004997276962602165,0.0013700314967642188,0.007266315959077946,85.55839558704767,111270.65771773196,116.0,3785.3877676760508,0.7574900883029942
0.5164960382502399,5.673175652253886,5.235926574598477,0.016893100505694446,0.00261125181266079,0.02491540747354161,64.81024249266923,70819.73447663772,90.0,11177.388122894065,0.6616540355706944
0.269547115952659,5.877312723954406,2.9515866954526517,0.007566041907132676,0.0008558812439158346,0.028555173860285967,38.32920406966001,5796.041083393842,223.0,1344.5188713285277,0.17770439131375565
0.4754501748039574,5.500079468767467,2.9888464407289694,0.003291520507812965,0.000617619155521281,0.08040861708414272,93.29643061183633,56956.19126864879,87.0,2199.44933671722,0.6682168108922497
0.49735401108242794,6.782674747114804,2.769601130812961,0.019942608515076794,0.004915654903796821,0.06080137166743817,2.615663747613067,26127.965417588548,112.0,6110.952434440108,0.3064269365675098
0.46254423255783755,8.095246338082482,5.72624100066239,0.0029980466706834015,0.004493267387986063,0.026979071876869744,98.60145254487567,76662.34908428843,89.0,1749.0908649931498,0.5834101523824661
0.5021700510451157,6.250256561916602,5.34229682056486,0.019338892398338962,0.00038567904409037696,0.06812474178031089,94.27700522957616,77285.64350213349,92.0,15590.47419954685,0.8061720329384499
0.5778286728979397,9.95726806234561,3.1411073148693833,0.01349117703259621,0.002878035756363512,0.001720272714580548,79.60890477906261,318117.3811266325,48.0,11953.961746783589,0.8860577337248973
0.4468428197437826,5.373111290911293,4.186227666990831,0.004255407093064059,0.003017571523359027,0.0638667575619664,60.383175915444845,12115.335504173694,125.0,1081.2998402900955,0.2541002110121308
0.3698464904280688,8.878770128321925,3.7385954852001264,0.017589101685590545,0.001157644072308175,0.0012994140546927256,47.50270359574001,193061.24974798874,82.0,15210.068473339608,0.8647439047896424
0.5650361337877687,7.887850423749409,2.1818632498450325,0.0061999681565482,0.0022452121760885044,0.09228726402380659,21.746454747929093,120953.58000634122,63.0,4664.432180528941,0.7523316350588867
0.3172369202517104,5.829185087108654,3.9144249827296633,0.017018435550482873,0.004058792496987313,0.09923859356210327,4.0084862486106125,4.0084862486106125,0.0,1.30651068623626,7.677031665811294e-05
0.21383732682209877,7.021433462730932,4.96101665013193,0.016641318533175423,0.0036564533218169616,0.022324778086220756,20.420244166523375,28.506188802107722,74.0,9.997535996450292,0.0006007658573760013
0.4996555482181885,5.186248352388707,3.0568453094779326,0.005708016948252519,0.0039914902750050165,0.04698767411521995,79.80678228492202,36003.40142863785,84.0,2481.0413423383366,0.4346590707124474
0.30650280386546547,7.83860957657234,4.332342743681931,0.013326878723108572,0.003399685134701969,0.09021360381006574,59.31353878920825,248.73974636703798,101.0,90.55408623367046,0.006794845823624932
0.47930551845562247,4.490862104577907,5.6085386311165095,0.01687122916610786,0.002496066481762806,0.0675852633031361,46.50424464046125,4309.897218726084,158.0,2473.480398096026,0.14660937704912066
0.4781299361632568,8.30885275273135,5.193934167907777,0.015814234158329422,2.708609963560309e-05,0.023092006879017517,94.54336649733871,188703.06831687654,73.0,15155.965455556207,0.9583749237438401
0.3154771599573069,9.754799334568316,3.636266847831515,0.007011179431579411,0.002741516853473703,0.038639921182528326,15.261880134201807,43253.99599900532,138.0,3049.5445580538194,0.4349545733087659
0.37078964356474525,4.308538579883268,4.378122326331032,0.00915712586554986,0.00369384159668436,0.07788924442545091,14.275727496483201,14.275727496483201,0.0,3.3074071791917894,0.000361183981497363
0.5398981650669963,8.038750796474858,3.201930151521468,0.01005100671784342,0.00488408543630371,0.022649117211041653,61.70235252361425,153648.11353391377,60.0,7200.579254386352,0.7164037848669674
0.26034786584334546,6.375916338685141,2.21909372042495,0.015879105135942796,0.002281728555258907,0.050657638365539784,67.7895838590808,247.4785331323245,99.0,108.99688785453978,0.00686417067721419
0.258500764460729,8.21069692213004,5.623698747947024,0.003212788356633179,0.0031895673766600668,0.02277692812973277,32.512193786660276,1863.0118002164816,175.0,128.6330583127571,0.04003782510204241
0.30707209656692946,4.836209458660208,2.810941254088564,0.005670250939090675,0.003484011231709062,0.06896953608121932,40.2380231455183,40.2380231455183,0.0,4.011609482391521,0.0007074835885543468
0.5683153141052519,9.338331971839976,2.5012953645305935,0.018762014990974532,0.0045829466385150395,0.00387217579551233,24.34650806056898,267340.9067127422,53.0,15017.388167259332,0.800414463717434
0.5744383310348427,5.91369119784274,2.226794180215891,0.015269261667100435,0.0013202980892791935,0.03725387861777676,30.785061204403807,159773.7602583584,57.0,12934.307330541205,0.8470813856317512
0.5721647634364602,4.636508531512633,6.422109783094067,0.011373436883326135,0.002897574890538292,0.04141327271402262,90.13330571400756,32681.781673231155,105.0,5867.8265244065215,0.515923777887137
0.5796578019842251,8.736117252122197,6.457141198958986,0.019574315624327453,0.00013597899310933425,0.0021922140085179165,13.63400313708523,255314.5218081982,75.0,19266.54673047665,0.9842769014377043
0.5667324355474683,6.183681435110558,3.8911037665285924,0.004927275907444,0.0010792513973048893,0.06556697152000422,31.643686837966538,101729.91653597675,77.0,3949.718890808959,0.8016029475519785
0.3993187129212017,8.289954184139939,2.434865288858724,0.017806605445130505,0.0035637454948259386,0.05157677261485302,59.24920764449499,68462.82225150277,84.0,9681.540360385312,0.5437049970146228
0.5752452400712862,8.761903727118607,4.745752276295978,0.015606799922625699,0.002426580585369962,0.054234533468735246,49.167925708865035,142451.2387568246,70.0,12618.313749033707,0.8085138408637191
0.5961139380779241,7.589059939587577,3.445028193554891,0.0070919331293765086,0.002367816239337447,0.05039254103067745,52.82284632403195,156799.2281891291,60.0,5841.3256290650515,0.8236577421844081
0.4854708033214637,7.920944546461444,4.760191404641072,0.011829557417091302,0.0002871402479694043,0.07288948492817479,32.89308925308977,107542.04667857078,91.0,10134.677783813848,0.8567250173849503
0.4717984000306004,5.2101241678753265,3.154073127690843,0.003139875836122296,0.0006257632990937708,0.010432101347699318,7.631459103382813,109600.23610982881,92.0,2517.9878321453407,0.8019386636813712
0.4855863878114711,7.850471197754252,4.782420059356763,0.004712697004620903,0.00024388977357639436,0.007845068459801487,52.953959620822026,209763.27819096466,72.0,4491.588888559202,0.9530824672486056
0.4720712726270298,6.4652977527843385,2.7034533737211426,0.011951033408064792,0.003919692470512319,0.03969640465182897,65.49402128905929,72745.15225847925,75.0,6869.1334670454235,0.5747731792306761
0.4405733063392211,8.32149363406139,6.186930294683684,0.012667283997332449,0.00416416959493511,0.0381419028862029,51.80568275938802,50755.78094707047,109.0,6237.711387500211,0.49242689978481496
0.521144335394439,6.663574575634714,3.6129649789319975,0.009296375929929629,0.00428584665331622,0.09332376354752099,48.901811451514654,28552.14589845537,93.0,3578.077072035504,0.38488945574112454
0.5618911179579132,7.646261592485286,2.8880137028702757,0.00885569209663143,0.003280530797379499,0.07329143552946177,43.47459921125944,108242.9872254946,65.0,6255.841378674932,0.706420380294675
0.4031641937565795,6.384325536121002,6.571186977841658,0.014710217481472302,0.00023307181987847553,0.0007640775502436155,87.59495813909051,112161.87882147158,103.0,12895.424146852114,0.8766304212085275
0.2577920398024377,4.436186681172757,5.789790365574904,0.005155207332226284,0.004567287901381023,0.04585922481601465,40.6114433932286,40.6114433932286,0.0,1.1926226366380235,0.00023134329228287123
0.5240955635547909,5.525327296862015,4.891402631955307,0.011984512950629718,0.0012664550044204608,0.08125885275356173,14.220046949291024,42632.05565763734,122.0,7320.694403290513,0.6108462174014195
0.4712764885059124,6.951171123433024,4.310129742283904,0.003999480161368068,0.0037119595259769377,0.04353314494423318,37.33698886842335,55523.46817793519,96.0,2113.4575971030217,0.5284330742573521
0.4549714413736184,4.325008382271017,6.058584850620294,0.018198617393679686,0.0018868043577771312,0.0032541984860184597,76.2857003476856,27871.24616624282,129.0,8868.263143616488,0.4873042249185622
0.29667934388476336,7.103482860195102,3.8467950026862923,0.019621285929291084,0.00269437269812441,0.07397744477283566,56.00714350951441,351.64528920225257,120.0,203.45458574601062,0.010369075017773904
0.41050903821649665,6.729491255117882,3.4763163900408585,0.010154595553541368,0.0044492040965579014,0.025345344215979445,81.67752283391336,46114.99822544975,92.0,4505.4308948976695,0.4436839331652581
0.3890495055469052,6.0180134432017365,6.464685006453181,0.00588700892498647,0.00010061980719703455,0.09995985549668626,16.306926471658496,18473.112143738374,236.0,3077.239372030139,0.5227169552170954
0.5931482091507065,7.88004291537015,5.612704163158471,0.0029029683791762786,0.003197876289086967,0.0628379661324137,10.384732719212268,84446.84597932325,93.0,1938.393752696789,0.6677281663146517
0.5325824973498056,6.622401771532285,3.5507374881269476,0.016412686719565132,0.002023718505639532,0.08141854995614112,73.47657831429193,76150.58166119934,77.0,11338.458774700572,0.6908350210075174
0.4389700471953156,7.867162632132111,5.3583057466681785,0.00248056455126273,0.0034642879495010103,0.09694937220909539,72.32693948543282,13810.006472926738,127.0,664.1922544275646,0.2677585044458763
0.21011915395425193,7.284852567866712,6.711391669740481,0.004818189158502991,0.0047635518379890406,0.010174015054394511,75.6319792946582,115.94594836171204,77.0,10.427423196803826,0.0021641788758753515
0.3666799593539328,8.069035713149272,2.052486989763307,0.014554090472197365,0.003218336112750267,0.07079653579475312,54.66968251880471,30448.750086046104,101.0,5306.492507889729,0.3646048867173598
0.2866763162743539,9.508445764619136,2.7868872669917186,0.019215676428918818,0.002280684360239971,0.07576356767367524,75.38560128496431,8526.21652324766,148.0,3295.3549299326064,0.1714930485076882
0.22870764598247598,4.686459108798106,4.117776774672565,0.010999858492992115,0.003994016100865307,0.025906580601584985,86.00937583920019,86.00937583920019,0.0,5.966823195442323,0.0005424454504795425
0.24212515575675675,6.838238181433363,4.806375507678895,0.010378011258400233,0.003951415322985967,0.08843576786966417,11.168641949417822,11.168641949417822,0.0,0.9681659761000858,9.329012582410024e-05
0.3869296329624232,4.7439021860638135,5.0467303144306275,0.004857429022048564,0.0025990117914052842,0.01935735193787657,97.1708254635893,7594.277061888592,145.0,927.3609322330732,0.19091600268859285
0.47863516910845055,6.001430597471055,5.149123593125522,0.018581593384041507,0.0022367433140275264,0.08590885801759807,32.30003541741486,20910.137382809073,135.0,7417.8649720144695,0.39920499920018615
0.4299581578835342,4.037709957389543,2.691105649800517,0.00652978306967656,0.00043095054675684616,0.03036104208142086,98.4354303221539,33937.386949704116,107.0,3573.471960954612,0.5472573778981008
0.34189606024514,4.896913434441544,5.324789627144108,0.012303900191348666,0.0008105706979806012,0.041047119144809206,98.89215432433612,6778.725590441074,210.0,3053.8226068545378,0.24819955956683806
0.509867510107284,4.730573070951542,3.6704371225559544,0.009787073573558739,0.0035617506033819,0.0799576705715026,60.233034412880684,9088.188944606662,112.0,2034.6151278267512,0.2078879976261308
0.2244434813881858,4.031504888961778,2.1507993019286915,0.005906515326132667,0.003724203336626674,0.07032757881268634,21.493987931861838,21.493987931861838,0.0,0.3878554654093032,6.566570033151082e-05
0.4488903412840188,8.264025362426459,4.246316538305762,0.002804728838128928,0.0013422376734180108,0.060919898142223386,84.60370146723663,100052.00794046158,84.0,2151.4313454327266,0.767072850745876
0.20295400846924608,5.252125968891484,4.4117419132421185,0.010000643360759188,0.0037480341697854573,0.09092577186915447,64.60650769466355,64.60650769466355,0.0,1.994847916785164,0.00019947195843545456
0.49682744835005327,8.043027596968097,6.42919989073315,0.0063246054287371236,0.0016387859794393417,0.06631569897362859,9.30001386325939,71668.3483156269,120.0,4427.1325598159165,0.6999855737561644
0.4330234507296633,7.726102432460987,5.631247324559805,0.01748065316319563,1.8002198019804064e-05,0.028494450491666747,81.24859276362164,138929.89473689612,89.0,16084.012067080115,0.9201036092257675
0.4040816464172318,4.944842926004112,4.849539543765114,0.01067670049377259,0.00041021904141946234,0.08280338631909963,99.87199623801403,14187.671970940297,173.0,4474.738454723129,0.4191124830506239
0.4502145825713417,6.672005239377102,5.741938639474111,0.011998297063673799,0.0025233810505885137,0.05623686725046717,64.26895405189902,38242.9042145148,116.0,6159.503084162557,0.5133647759740126
0.26120780694375534,8.236773085960703,3.9966357476556365,0.003975192344786742,0.0032447346887582787,0.08443599668700513,71.62559083786657,114.42244280267543,75.0,11.477972960015252,0.00288740064995044
0.5069129042070655,5.857590474197477,4.988108461294332,0.01227350150271731,0.0020328642624378394,0.0987450167394443,20.277698790170756,21697.185184601418,136.0,5156.255305761008,0.4201128182222026
0.44044467903692364,7.362381126794447,4.86619871597617,0.012892710063097255,0.0037146065598663625,0.05729019383111214,47.715473144068156,32811.82113178285,112.0,5329.070624190314,0.4133398329838885
0.5070003701107166,5.364176996929645,5.244421130114734,0.009003692074987323,0.0038577935594468265,0.034970373547112944,63.1580102125401,31833.2176244749,104.0,3897.694263732614,0.4328995517917126
0.2484666409176737,5.650242842292382,5.022839476353239,0.004658721985816459,0.0007615138364981161,0.019401778546528033,65.6634403727922,1059.8779690759072,269.0,246.49266915715575,0.05291025563487014
0.5280268998334392,7.167334666210268,2.2122782927109954,0.0029832422322740434,0.0034358916455609336,0.04369979134274509,93.92258259568078,140373.3769877407,55.0,2226.876974027548,0.7464620036335617
0.3520999055016567,5.935279633969503,6.455609639107104,0.015399014899279655,0.001822220852372795,0.007531577534926144,93.4840056959722,33204.618173930794,143.0,7553.505884838601,0.4905187724178345
0.3565188837923172,9.027196880511303,6.920553800313469,0.006460554728067227,0.0002895341226983363,0.0946413539025458,45.50990092258137,36958.9668488633,174.0,4137.3860464862,0.6404072437486459
0.2376903373597844,7.207732297834367,2.5812573354626647,0.019798595705232243,0.0013063894498194686,0.0774745528683313,11.912644274808631,12.547028017979835,74.0,8.496207476710822,0.0004291318234487463
0.32910962492232676,4.453397661374147,4.579390921105909,0.012533945495549119,0.0015100465142843242,0.04025314004160581,17.161833248182653,57.10369825719544,145.0,34.478611513734315,0.002750818688814364
0.5790507831350822,4.62506640611936,6.00255277792028,0.018535732814691508,0.004223634761227022,0.016136824449557288,27.305972006899164,30015.527139771064,109.0,7867.7357999500655,0.42446316412772545
0.36574325267281954,6.172039903574779,4.389559161189535,0.00815347761016117,0.004789732587128189,0.07153608251990355,8.349435866811312,62.614043329403216,96.0,12.637872356980635,0.001549997799862827
0.5521577693298514,4.577861257194534,2.715992699083575,0.01617240024857617,8.172500877055472e-05,0.06388971043668674,11.43560049082465,80681.51960947947,86.0,12597.477482693901,0.7789491534383092
0.28275880830386846,6.1127080771524405,4.944812092161549,0.006043507747929762,0.00449594238583028,0.06482402829462396,75.18331400796964,75.18331400796964,0.0,9.142901578531433,0.0015128468366179203
0.3617819180377655,7.704670902293682,6.667374571891576,0.004320693077766374,0.003477210736458751,0.06731806828192012,59.79969097657612,3391.6313386816764,157.0,371.92784018200757,0.08608059713750342
0.37655738072260025,7.438951172475059,4.670106155878168,0.01420166681196264,0.0013939104203527207,0.09305438409778695,66.44333194849605,18799.809153812974,151.0,5506.833400485683,0.3877596533842815
0.4168888203766532,5.9866743739976584,3.0318218743681915,0.009612411928636759,0.0033919800018703795,0.036684019303986744,68.64355870221816,37144.171690537536,96.0,4142.235754763449,0.430925743249011
0.3459674386518656,7.034461675406061,5.434418035829205,0.009238543800453927,0.004682085078975423,0.06671622785489449,30.265576076424548,289.66471419472344,109.0,64.81001434582724,0.007015176389881124
0.2629768089206732,4.84858888261704,6.391388508840769,0.016023587457338225,0.0001708153188886777,0.07263786269151687,22.909179552609153,22.909179552609153,0.0,4.943267536240981,0.0003085036758145581
0.32177033081473483,8.033261038434718,2.146979605468362,0.009877471843974542,0.004630393112779059,0.07592537966486478,19.476624011520162,567.7678482879371,102.0,108.87307072161315,0.011022362041763524
0.2683732612912124,4.1855629981638565,5.397274796176186,0.01609603723258197,0.001977769436586258,0.04319016846389337,93.98487309872252,93.98487309872252,0.0,11.792435828625393,0.0007326297558976113
0.3251157301357549,8.4014921804009,3.461099361865382,0.018311712128216327,0.0005894724037763281,0.03464671371505724,95.80983834726995,97358.1969083935,101.0,13895.060790949214,0.7588072974093133
0.47279180147120853,9.293206641198468,5.876440370111537,0.01977486133255383,0.0008738250269050945,0.06682532444053667,55.59644687497725,109504.93162954824,93.0,16513.15026361484,0.8350577020952621
0.22607668897368305,4.064755436223156,3.9708702320503564,0.005115054340180677,0.0027670224317673836,0.027171771028309095,34.635333057596384,34.635333057596384,0.0,0.7834718504887546,0.00015316980004186653
0.20735564450787122,6.592763679940051,5.073939575918349,0.011786430770276846,0.004703244102008491,0.0001769702655099428,46.03416628072283,69.81008963121069,69.0,14.614381018511974,0.001239932707649434
0.5694912949956239,7.316658914340593,3.6832803122176214,0.014423984569804706,0.002077505572592602,0.09819896025324176,74.90466014419735,84927.9122824284,72.0,10430.808576002277,0.7231572195271349
0.4172731768558102,6.326244932131041,5.160636271604368,0.012087223193138527,0.0026615429177967004,0.0705235888359285,86.80589578556227,14905.466009472373,133.0,3668.740033844717,0.3035221551900618
0.31077140745122395,7.026155289343777,2.1938149248813423,0.01448783289478955,0.0023263053079663277,0.05898937059988259,17.990665311487607,3792.081714251959,160.0,1296.8404415478715,0.08951238262930739
0.2198397665925361,5.621038718078831,6.217582279485966,0.01608451847738207,0.002664986452820573,0.09319305884986617,61.45588320531487,61.45588320531487,0.0,4.016666467105043,0.0002497225187532505
0.45434820656334596,6.815684440389649,2.2716829253205106,0.014303822613587659,0.00039796175474370575,0.04151995538828182,18.740270617451536,143776.85590831717,74.0,12150.280487663333,0.8494428948050134
0.4006274228624337,5.8345721656373755,5.711921441895928,0.00412703738465218,0.001073672815482428,0.0785750894854677,17.46733671376668,12237.3492816741,204.0,1403.3453131604779,0.340036976253291
0.5630505372187203,9.932625895134391,4.0456752427360545,0.017691160385337044,0.002889334342303014,0.014628173328462788,65.00777546528283,248579.9943810767,57.0,15178.929962509052,0.8579951587059147
0.528794819488672,5.635450815893815,5.661431728509404,0.009335556075559984,0.0019317166398999724,0.010299249052687677,79.05894615914033,97345.83912940261,83.0,7166.743629239124,0.7676825645128185
0.3011081550259155,6.972874655817357,5.085326373520013,0.011902274637017733,0.0007187407954857159,0.06303671216480473,29.559094014752226,10475.294810780591,239.0,3591.3877360503507,0.3017396131881693
0.4003776061977624,5.4029388331398875,4.882750330716014,0.0025300728510390565,0.0028397423717868436,0.0683688913329517,16.185542583189868,686.8186690761473,157.0,59.30638091640633,0.02344058231052523
0.5553251188105421,4.295970610878875,4.976133831854755,0.018768018218526764,0.004046000131083561,0.07500975177215925,75.56575007853895,5823.7280315208645,115.0,2975.8962402213006,0.15856209246875438
0.5597639150119875,7.944019153510315,5.26063721530792,0.005990383980422253,0.0001407949785545203,0.014518512725717912,60.7637323625447,220088.57533958834,65.0,5821.568001920835,0.9718188384829524
0.3309093468454022,8.685760902123619,4.175676909641448,0.011123177192925127,0.0012900070472478009,0.0272789127947134,84.1778800560567,94357.45605237181,105.0,7992.06413801121,0.7185055132534035
0.41514427229222683,8.3828494620603,6.292905212965624,0.017678887907973548,6.7323370699095664e-06,0.05235714199486653,61.52041420273101,105247.97771472292,106.0,15616.31153513433,0.8833311018444236
0.25087920340591247,4.789356390783798,6.614343312362957,0.0028891170625863203,0.0034697092671753618,0.058795095383618205,53.400755049211135,53.400755049211135,0.0,0.8990025545935574,0.0003111686148808302
0.4887176333863286,5.698870281116314,4.205611147860669,0.010431911111449846,0.0036650366560003122,0.029617297464359378,98.17417854577114,54321.231470732295,85.0,5695.965018226179,0.546013569074068
0.2794099772317097,4.923975918556829,2.3037487370310163,0.018904395392622335,0.0029509572927458455,0.044338150254985574,16.94489825279657,16.94489825279657,0.0,7.444462822905177,0.00039379534062276665
0.40584563671165,7.393820837092049,2.2318416774278322,0.0038231867502791965,2.9207799384729785e-06,0.04973518341069332,54.791979899506224,130698.55333160005,75.0,3222.9013897885484,0.8429882190696509
0.2641937979384119,9.823011978692136,5.970272713253932,0.016621340234473335,0.004074095109638208,0.09411134282849579,12.102867497824883,17.15858641749854,76.0,6.918657791107817,0.00041625149918766757
0.5344715450245419,4.7663182110538616,6.153330314488548,0.005144693376143083,0.0044075581215856805,0.017454794989832757,63.931125043364524,23907.681424090355,109.0,1905.8519742194085,0.3704500608446758
0.4374953461216362,4.83002385113228,4.034789933392998,0.018019754408355473,0.004251059235951354,0.06508099689210117,55.45841439692872,1122.8776967116517,108.0,562.1234035503632,0.031194842660547836
0.3497048496342582,8.712142304536336,2.787667321896288,0.0180800175576791,0.0038830103864909687,0.03779799703509136,48.49610010478834,48751.851861205,102.0,7908.2233336164245,0.4374013082889735
0.5129592597288362,4.577167296398144,5.809980352010816,0.010585071187704876,0.0023035359841415796,0.07175547152764215,23.8623722212485,8520.053073849353,161.0,2629.702769257304,0.24843505750928205
0.506187888125226,9.899567526038142,6.22458701810942,0.01703508107240108,0.0024640845564440185,0.0711962964613432,94.86377036583814,93743.21485456973,86.0,12488.855576676468,0.7331256906613692
0.5760137361996422,8.616341302946761,6.65807078120689,0.007270480981593977,0.0027113897123885794,0.025035959123256186,66.99280075998571,152251.20624963663,74.0,5903.5490400847175,0.8119887879536698
0.4898471369010159,9.931849329737204,4.419336683155923,0.01637739410158539,0.004202733096000027,0.053898855806202954,30.833774234307025,95784.4317334424,85.0,10261.942492139842,0.6265919003039974
0.551416044500983,5.561905711434871,6.8792982636390825,0.008385376468335872,0.0005756435326840967,0.0245484391118682,93.71806863196143,97214.65311512405,87.0,7245.973931068443,0.8641202882697081
0.32436984101578226,8.218121764035226,6.731143562742151,0.014395112175892599,0.003705399600320253,0.071710335762485,7.52127314869442,104.48228806914229,142.0,41.18571102654551,0.0028610899674348456
0.49755073444398384,9.83710819779395,6.590270301208175,0.012968567676896586,0.0016325620333477475,0.07069586674532939,50.48733051878862,98331.52074829437,95.0,10110.96288667654,0.7796514725900797
0.2179021017812286,9.860629819714074,4.999942988338711,0.01657418471139831,3.9480756347659065e-05,0.08002927046456143,89.38375230058692,6977.099895826822,362.0,4865.644260797897,0.293657180649056
0.5533032085265205,4.05798737054668,4.320395751873996,0.0085183417377767,0.0014364513188187891,0.058663133718652116,1.458076062982093,21699.18604737099,161.0,3753.3549072841797,0.440620372230312
0.36641344098917616,6.9814808948346485,3.7543454049757545,0.016678434313751236,0.0026746720110073156,0.007134630235778887,5.816365277750224,59184.05616761822,129.0,8673.287497916808,0.5200300780490995
0.597875449342476,9.303277420697917,3.1718132150326586,0.01914930660509504,0.00042042928939293057,0.06931237269790455,26.125546826424692,206820.87945425924,59.0,17977.08503164372,0.9387851686943377
0.5274744234372741,7.461161084491846,2.7390697401648123,0.011171965081093098,0.0042669633200730075,0.06410773094677603,24.184248948571007,81725.50309326558,74.0,6626.907414113174,0.5931729437042588
0.4805917976034765,4.358348311813109,4.6686361048401555,0.015372735916164856,0.00025105230857137606,0.023233707637514797,91.75531956130236,58174.89591870097,101.0,11365.82006265523,0.73934920398286
0.22588766091652418,5.070938769209942,2.5145218251561996,0.010764541171067956,0.004009053163191921,0.08556920258542743,40.496665863338805,40.496665863338805,0.0,1.7062061607635375,0.00015850245111694462
0.35408593856356135,5.0591574594551725,5.954378010611471,0.005368310993236203,0.002386550488144662,0.08205033588326249,54.37713188319662,78.96301135168231,100.0,17.907770339440344,0.0033358295303687214
0.36102775860984887,7.773699875426274,2.937467532756092,0.019728472836713265,0.004375652040563836,0.04562273781184147,73.11367253956561,24702.028261743282,105.0,5891.103042615263,0.2986091772725735
0.2360425848059708,5.3338754540461295,5.776692371843401,0.013934130611221358,0.0013340440576806987,0.010570502692552566,38.47882655263736,56.08759384457026,133.0,32.78445907279534,0.002352816978202197
0.34444920949599744,4.0294182038049255,5.556180941375983,0.011928955290633161,0.0018772016346127222,0.03158109999994541,5.58231718434071,8.705357404223392,113.0,4.86485613661069,0.0004078191273321867
0.42373204714636115,9.883439676512623,4.610336102840895,0.006879368047896524,0.0039730843073123405,0.06689491171393068,23.57954434720833,42911.21238707939,113.0,3025.527947168646,0.4397973659940685
0.3746535693025421,5.1776292610852375,4.859508765833052,0.007853548681489582,0.00269354465761347,0.0905783057312971,24.00150398630035,65.95193857779533,105.0,20.04789356220586,0.0025527178063411873
0.39887453285703267,7.789496347093009,2.0090465075918145,0.012636893786942206,0.002359144159857326,0.023501153560972623,84.2953380831802,138270.18407206473,67.0,9401.804405224133,0.7439964728467608
0.32678810998493213,6.178005507649183,3.3865734443954434,0.018838069229333496,0.004536857935447271,0.036006038700864766,82.80573224231615,1740.5843259686203,107.0,668.4119142487651,0.03548197567975572
0.3825331118855311,5.6686461993038675,4.833684212367544,0.0192021842815042,0.0031400539847358778,0.02013822194206131,63.73872743680561,16898.330800760305,133.0,5561.701975821556,0.28963902722143325
0.35331396449251545,9.720079058463917,4.548783969411005,0.018805349162243343,0.0016638705414365404,0.004710626030304645,97.5406365097338,173176.96230429228,86.0,15514.471592088797,0.8250031125844856
0.20162549175503192,8.166633829061272,4.6601840009387985,0.00926768051148854,0.004594381279314267,0.018505316701502943,9.455827916139793,21.327771562606436,81.0,3.3963795939254893,0.00036647568824963323
0.20886311406471464,7.747101818789277,4.174863231974296,0.015162146514104446,0.0012134432415153854,0.04900878973381713,83.41573224414441,145.18969773908032,131.0,82.00183187531448,0.005408326044545007
0.39614784766361755,8.971836142158875,4.563760388163376,0.007197844867343163,4.602312635241114e-05,0.07767835555284378,7.778037271247614,88973.22589866119,127.0,5866.603485130813,0.8150500036125753
0.2080463767320901,4.462964720695537,4.8295409034865315,0.016846527383510557,0.004156549715544347,0.04240903066823155,81.1649312277916,81.1649312277916,0.0,4.828167074756879,0.0002865971701374313
0.5876487587318356,7.937341754223041,3.0957747144098353,0.018713982303482153,0.0021702197166691877,0.04404729378814784,89.75553153007917,187574.5793929491,53.0,16083.120847694143,0.8594173376289623
0.5312764056138173,6.68077152051908,6.0352784513566355,0.009510599928647178,0.0023973218877161883,0.08111744288849107,25.08572861228973,41361.406489271496,117.0,5303.5017214297195,0.5576411331797134
0.2712313127809798,9.56072452873936,3.419854347357059,0.018464165042950766,0.004055761378692768,0.0559613399004023,48.24367229911048,1460.0143893461232,126.0,509.8819210148731,0.027614675227869888
0.24173462396464407,4.08242987964806,3.273640648270228,0.017793855225742325,0.0012211694120085263,0.06104076573589789,75.08262212775702,75.08262212775702,0.0,5.766430819924494,0.0003240686600384506
0.40222657821732777,9.829454360182346,2.3170718156117727,0.004648589312304619,0.002230528774305335,0.028996215835452407,81.89148085801205,181297.42486270997,65.0,3742.762750566717,0.8051394733150087
0.477889208010949,5.016429586740827,6.672391734169105,0.009484051307661426,0.00412315145508743,0.07480495876760397,88.72604665397763,1787.4833779387395,126.0,540.1185428554886,0.05695019199433995
0.4867408495630963,4.005947998872258,5.829795961976516,0.015914770365464716,0.001305675371161097,0.03799606509479589,2.45345520268517,9823.77648159655,222.0,4832.316880601549,0.30363723570203943
0.30503225832106673,6.263993192729846,4.585272823987635,0.008043439000557494,0.001536194610312993,0.06943565941808408,99.03073988044422,991.0412959799392,172.0,322.5985070801217,0.040107037183732666
0.3203902658961435,6.93181562404305,2.395202791882502,0.005739789210794096,0.004608916782545392,0.050877102536611075,64.61311733247683,2013.311316658756,103.0,216.38999724765065,0.03769999024366844
0.3225681097191328,6.034366151255046,6.165753005500371,0.014716624768046312,0.001066229347895438,0.09934003992270726,12.826151624681371,34.16380477289252,185.0,31.440712894544966,0.0021364079077143645
0.24699877869677667,7.301499422384962,2.020851877124193,0.014105818001199347,0.002542778229366537,0.0794824786850551,16.61862460416145,19.855457735783734,53.0,6.704376925515644,0.00047529160839489173
0.362599768340796,5.591719040333037,6.203912231237593,0.0023450269998520927,0.003369764083532545,0.033112256432799074,22.506793506213363,780.5254198070915,157.0,53.64980853986224,0.022878119758640684
0.533330053808546,6.559308447386751,2.846608903262298,0.004153559652203942,0.0040377209495945756,0.00964840361138501,95.93517015283608,151256.99205311906,57.0,3100.694638789221,0.7465150132474793
0.5887316405490575,5.866726031184541,6.532074176743761,0.003860200937471804,0.003757249976381516,0.016680488240113957,19.071053275545474,69634.65983629311,97.0,2371.2263108443603,0.6142753574888712
0.2045069791781119,5.005238041787104,6.149880701079604,0.011493954159444562,0.0006011366466888515,0.03432654008604129,46.70385707491464,46.70385707491464,0.0,3.4900986839810098,0.0003036464767178221
0.5568923847184022,7.642227788177679,6.4871132889303915,0.014418610899823213,0.0020563529312456756,0.026561607355769887,34.220653084856664,131015.5720193626,84.0,11707.863398123083,0.8119966257128586
0.5967114347637439,8.82974015931811,5.008564388991452,0.009725110563834499,0.0011171971988954016,0.09447287203236479,43.962917111584005,116993.99654562246,75.0,8237.086921581988,0.8469915963951974
0.23557643752593074,6.90608496924058,2.345256161108901,0.008075796930241259,0.0009972995178225083,0.007004733970940959,78.12438356496673,25868.978194052983,162.0,3124.0858408432287,0.38684551726957617
0.2126776425466812,6.321946617667763,5.834646467971403,0.010067292548091456,0.00020801088088519227,0.009618523852354148,82.05322532053455,7008.533359982189,349.0,2737.5860536679206,0.2719813625395335
0.2116501530878797,8.899278108594942,6.595547102061265,0.00729893781128593,0.004835364221912353,0.008493671973986832,50.81101218739496,344.6452738031279,119.0,41.86109501554818,0.005735231084010713
0.515089088806912,8.407567400981117,3.3206225289002367,0.00520176716470893,0.002348944125527726,0.022569485731285487,58.737445118463576,196133.0390274496,61.0,4377.462529859037,0.8415337309900524
0.36475753149829315,4.0189712188241264,4.437946203272797,0.002408067958173747,0.000831874981573575,0.05219624223407017,9.685498376362018,81.70898566350225,229.0,14.044428806206822,0.005832239906367247
0.30403093678594323,4.40940860552241,4.922819432331334,0.012368244918887725,0.0020873390654506494,0.01219327822474024,22.05801936598874,52.752425511325505,117.0,24.992960316049448,0.002020736206305419
0.5235741337878916,8.666330208895246,6.905498613138798,0.01032900181102004,0.004926125963629525,0.08954916021065905,9.13668210731157,12158.252210219214,143.0,2229.290150919008,0.2158282273259523
0.26797486816937593,4.6432311240087,3.840442825730626,0.006961075652654792,0.000889536020976516,0.09087395396491062,51.33380092710257,51.33380092710257,0.0,2.336126575452937,0.0003355985040274615
0.44338338440886593,9.453513850735632,5.542022293424006,0.01369414290229439,0.0017905904461837008,0.04262611773901592,91.00417630677627,122026.00512608216,86.0,10844.721083962031,0.791924048210791
0.5544103748630641,5.09884700480175,2.1570280741100665,0.014583841864887431,0.0035032028801552863,0.05206356383268906,36.35073818532772,66721.64887457693,69.0,8468.537864647034,0.5806794905693673
0.3644465519286536,5.558933778077119,4.72319050584982,0.010603899852972918,0.004896543286096068,0.08770345612423258,41.1065728850345,66.72638241992443,65.0,18.8793612366714,0.0017804167804714246
0.38635035624850655,8.009783926749119,5.015841402817445,0.009689386833383247,0.004511529805216453,0.012452921248128399,60.798710465918084,58492.493145191525,104.0,4670.950502254568,0.4820687400116538
0.4096713171833103,9.074643926398643,5.781377498059326,0.016301606592626246,0.0012275218721640698,0.038970999775802755,21.864608257324168,108316.8521393843,110.0,12769.135681899254,0.78330535149064
0.5092601935960721,7.546434508536191,2.7345210904957566,0.014370827228153969,0.0021521246978112255,0.04569511490780481,54.085521905250886,144608.99710544772,63.0,11415.173004584844,0.7943295694364281
0.4164626782727356,7.841107087813889,3.078797194052507,0.016785872588532466,0.0032542364101288226,0.016854912550616896,94.11256316747182,124286.61696318365,73.0,11798.718713521172,0.7028957625701068
0.23717018867883036,4.723909420574183,2.3066777492636574,0.017275916807298067,0.0037422846672321413,0.07979038194955587,57.82714804033238,57.82714804033238,0.0,4.175900685945745,0.00024171803630020162
0.42920009959462424,8.430572605099044,5.96491492679227,0.01865504531083459,0.0010945379306860506,0.06373259590378631,8.848580504772052,71147.63926938942,132.0,13290.090460469635,0.7124126604372781
0.2334177055376946,6.987027003004137,4.347549851546336,0.018109242435113075,0.0017371929661776097,0.06212587798687716,55.88799174744705,55.88799174744705,0.0,30.073872508320452,0.001660691915527538
0.4457087911807517,9.324102702722257,5.735894298874417,0.01523606122193926,0.002549192284614969,0.05295834576898522,61.15428864933149,85440.85803327785,97.0,10369.371703228582,0.680580863530341
0.3870652031837065,4.7788995878187315,5.6468818797805165,0.019359991787230267,0.004259759692336116,0.09975963799648474,99.51562580038139,99.51562580038139,0.0,49.166634919643755,0.002539599988470749
0.5689053383244961,7.683200795711066,3.013999460798512,0.018549019237764947,0.004841971677256572,0.08973027526617469,92.6363984845408,73934.70623844898,65.0,10914.901773829797,0.5884355196315469
0.2004957208896435,4.149284822607683,2.62044357539005,0.013509090423924954,0.0017017863216494367,0.017502714069322512,13.128039788267833,13.128039788267833,0.0,0.7053738742037188,5.221475703164167e-05
0.461318890182195,9.42796364263764,6.179176233881117,0.0074548951120759375,0.0009335491442192299,0.06723637281469597,43.83605326967266,101182.07511870882,100.0,6074.670900979299,0.8148566558822723
0.5807321917053602,6.741115955934655,5.344148425918134,0.0026082647100437876,0.002486996118078501,0.04328576260540625,75.95447631332296,105142.77763736746,75.0,1995.1126456052084,0.7649195413036561
